timestamp,gpu_utilization,memory_utilization,gpu_temperature,power_consumption,ecc_errors,xid_errors,cpu_usage,ram_usage,network_throughput,disk_io,job_runtime,queue_length,active_processes,label,incident
2026-01-05 00:00:00,2.115329478037201,14.262644469198671,38.0,63.41106795173085,0.0,0.0,2.9321880917136287,31.98539632895846,9.758638062095368,3.093003011492473,0.0,1.0,0.0,idle,
2026-01-05 00:01:00,6.24093759184418,16.00695328876627,37.88933148428949,80.51101265431707,0.0,0.0,2.8816509096770155,31.519579803022133,18.632218065631424,0.0,0.0,7.0,0.0,idle,
2026-01-05 00:02:00,7.781780215866856,16.736045105148545,38.43197877938303,90.16393631549325,0.0,0.0,4.553317292193213,32.032835748842935,16.006317647723584,2.736288027306581,0.0,3.0,0.0,idle,
2026-01-05 00:03:00,7.734264957719975,11.970486200261933,38.283051145188686,88.69412646008533,0.0,0.0,0.5177860741671192,32.44599556941722,15.87848988523655,3.999690868382904,0.0,1.0,0.0,idle,
2026-01-05 00:04:00,7.764026020223637,12.411056268756743,38.614866788554146,77.08758777871333,0.0,0.0,0.0,36.04808465520794,36.215712820950486,6.721009855454878,0.0,1.0,0.0,idle,
2026-01-05 00:05:00,6.486438751501143,12.19177329703247,38.70908378904344,85.80921721929671,0.0,0.0,0.0,32.62592854413756,6.5564708542394285,0.9976540365657947,0.0,4.0,0.0,idle,
2026-01-05 00:06:00,8.480361947135197,13.560067948007202,38.86446678690143,93.61859684146604,0.0,0.0,6.0484593707231875,29.952928063491438,15.641306044412415,32.62123589594885,0.0,0.0,0.0,idle,
2026-01-05 00:07:00,9.168191288207396,14.922798191299696,39.07061506688917,91.40980493872404,0.0,0.0,10.764198362787813,31.92974545698449,47.80950406211882,46.68129216907297,0.0,3.0,0.0,idle,
2026-01-05 00:08:00,9.336300724444463,16.44608145346249,38.73746195170163,90.90480336939613,0.0,0.0,12.062258219858943,29.76651305873863,39.82653104104358,40.41328413131033,0.0,4.0,0.0,idle,
2026-01-05 00:09:00,9.000082708723921,13.233653250210981,38.99323897242389,87.90300690390218,0.0,0.0,12.691850173284264,34.99201609402233,40.23982478320255,30.903365783803206,0.0,2.0,0.0,idle,
2026-01-05 00:10:00,7.106153198552493,14.317200834930262,39.7577897823842,87.18824563535644,0.0,0.0,9.539860603160832,37.39450341417586,14.96359139272202,18.025105364783254,0.0,3.0,0.0,idle,
2026-01-05 00:11:00,9.122381905555876,14.013648976957612,40.27766868331172,94.83025066393583,0.0,0.0,6.999415187359138,35.894404786047254,0.20220135374139758,21.844042695557707,0.0,1.0,0.0,idle,
2026-01-05 00:12:00,8.791766329417984,14.77880699893062,40.748384217745055,99.13014210024534,0.0,0.0,5.77430384201562,34.47387797893781,34.10546235341235,7.831688429839281,0.0,2.0,0.0,idle,
2026-01-05 00:13:00,9.67890301904976,15.326619156245707,40.895824799379504,91.95649359085172,0.0,0.0,8.744285416019325,34.126386435672586,43.95084130725414,11.554422265855674,0.0,2.0,0.0,idle,
2026-01-05 00:14:00,7.438491130719554,17.05688003967735,40.997129940310074,84.7600979846859,0.0,0.0,8.710093268245902,37.79391813403306,38.81029888957144,0.0,0.0,4.0,0.0,idle,
2026-01-05 00:15:00,8.441276265018312,15.237584518297593,41.278580954993664,93.0311473890833,0.0,0.0,8.80040674773578,37.66918505931422,60.88050118307358,0.0,0.0,1.0,0.0,idle,
2026-01-05 00:16:00,4.07414524736798,14.618986368110127,40.722700706215846,69.00029977678795,0.0,0.0,4.988172152958244,40.32977204147255,50.87892072706698,0.0,0.0,1.0,0.0,idle,
2026-01-05 00:17:00,96.92129047873232,51.77282996196054,45.44430695790601,391.6693957666647,0.0,0.0,43.83921679148254,68.50023945839128,96.1554364995054,69.55205750855114,0.0,4.0,2.0,compute_bound,
2026-01-05 00:18:00,93.57159302655538,53.65110006368591,48.93908880279937,373.9074063380807,0.0,0.0,41.83023187615495,68.98676640295892,78.66298830871264,92.92346466217042,1.0,8.0,2.0,compute_bound,
2026-01-05 00:19:00,94.47331964605516,52.64184606003861,52.523982382007354,381.43789330771966,0.0,0.0,39.237020492921246,67.64731851119198,98.37747426129071,104.52391749957722,2.0,4.0,2.0,compute_bound,
2026-01-05 00:20:00,93.0495241773678,52.60987610954955,55.333186319672855,380.1699347788754,0.0,0.0,40.080735154214075,66.70648324949823,103.88938717656757,101.45970221060823,3.0,2.0,2.0,compute_bound,
2026-01-05 00:21:00,95.03337688442541,51.957321305039244,57.87374326631475,383.95309481225104,0.0,0.0,38.708438519547016,63.68978890256021,93.7781869063094,89.82194098290591,4.0,5.0,2.0,compute_bound,
2026-01-05 00:22:00,94.59010408270632,50.41905867673715,59.97697090732041,375.5416797646466,0.0,0.0,41.78526311487282,62.62238884634722,90.8295707746904,82.7957979446995,5.0,4.0,2.0,compute_bound,
2026-01-05 00:23:00,93.73683950872054,51.79401982600206,62.334310853672065,383.07688321157224,0.0,0.0,45.278817720844856,67.21385997762633,90.00033477639658,87.85463737528097,6.0,3.0,2.0,compute_bound,
2026-01-05 00:24:00,94.68470489357733,49.62060393954647,64.50699743679814,380.07851911682627,0.0,0.0,42.30034377367424,61.059882095585024,95.14462481202739,75.24802345758671,7.0,3.0,2.0,compute_bound,
2026-01-05 00:25:00,96.17014606865284,51.0239537446798,66.63836750249216,384.32820002609157,0.0,0.0,47.85632001287951,61.64121700673175,91.40450075858786,93.33162973582606,8.0,3.0,2.0,compute_bound,
2026-01-05 00:26:00,98.10074575486784,52.72908208663914,67.87437567185167,400.8133173752206,0.0,0.0,47.50140846524263,60.73539700430029,102.33932528421083,101.53192841182734,9.0,4.0,2.0,compute_bound,
2026-01-05 00:27:00,98.66168345889162,53.739759809758006,68.97794793840959,396.40862903447027,0.0,0.0,50.76139613326604,63.294524323052194,108.61524089392306,105.54961979498708,10.0,4.0,2.0,compute_bound,
2026-01-05 00:28:00,100.0,51.90945207354136,70.42872967148706,398.7509681535023,0.0,0.0,44.276630970783984,64.58561697345193,117.22081862281114,96.3724881193317,11.0,2.0,2.0,compute_bound,
2026-01-05 00:29:00,100.0,49.71126086580491,71.73636773381,410.0,0.0,0.0,42.071377711815494,61.32628729320153,126.0562044872878,90.37505451759277,12.0,4.0,2.0,compute_bound,
2026-01-05 00:30:00,100.0,49.66315441820005,72.77845308254759,395.597083267236,0.0,0.0,40.09126587108314,60.60962386101725,119.31436425376226,79.2678538427923,13.0,5.0,2.0,compute_bound,
2026-01-05 00:31:00,100.0,51.11876846531314,73.67606159743048,401.3479046602024,0.0,0.0,40.80975531241758,58.31242251918809,122.8883374587329,76.23511796539447,14.0,3.0,2.0,compute_bound,
2026-01-05 00:32:00,100.0,50.055397147561585,74.51719383335312,407.0069678861291,0.0,0.0,42.2133686244944,60.0074169499486,139.84848760870156,74.84850205408532,15.0,3.0,2.0,compute_bound,
2026-01-05 00:33:00,100.0,49.134835509328475,75.4225934154206,404.45077611484635,0.0,0.0,42.014743211776306,60.27559678124606,128.18886755936563,87.70377257918373,16.0,3.0,2.0,compute_bound,
2026-01-05 00:34:00,100.0,49.729238216474364,76.65849614264022,401.2711052146956,0.0,0.0,39.96303623408655,61.01524639030404,107.84989797849805,75.85350319629784,17.0,3.0,2.0,compute_bound,
2026-01-05 00:35:00,100.0,50.87845186399364,77.22496403653379,399.19232771305553,0.0,0.0,39.996714290189246,62.97184586556608,108.2562228032275,86.06321782418564,18.0,3.0,2.0,compute_bound,
2026-01-05 00:36:00,100.0,48.14942914869226,77.8047619190805,399.50850673483933,0.0,0.0,37.580372823535576,62.74536892240923,90.98025829540224,63.53236462861176,19.0,4.0,2.0,compute_bound,
2026-01-05 00:37:00,98.57030110842832,47.57356747188324,77.6993588563315,388.83236121750565,0.0,0.0,34.74998131995652,62.70621982241911,74.8084632159419,64.0727437576646,20.0,5.0,2.0,compute_bound,
2026-01-05 00:38:00,94.36767864944262,50.17027236900643,77.27714710322327,382.16068743123935,0.0,0.0,37.49446925882738,62.343649467654814,61.77263441773824,92.86933423337871,21.0,2.0,2.0,compute_bound,
2026-01-05 00:39:00,93.52210640124369,51.59137562788168,77.43076073819392,386.53449083603925,0.0,0.0,35.138487189063724,63.19433886418103,49.33201070349767,88.24293042389698,22.0,7.0,2.0,compute_bound,
2026-01-05 00:40:00,94.88290034009579,53.27016496053526,77.41951677561694,384.22611442184973,0.0,0.0,35.43684521662141,64.257415751018,87.48856682220348,67.98977277836215,23.0,6.0,2.0,compute_bound,
2026-01-05 00:41:00,91.39841550761534,50.788260373156405,76.76622905880082,367.5553929484358,0.0,0.0,40.426941329262725,67.05812864892874,93.65089596303181,70.02554739504869,24.0,6.0,2.0,compute_bound,
2026-01-05 00:42:00,89.76720050794593,46.66190096539108,76.68259219234537,366.1362418263336,0.0,0.0,44.859814641144226,67.17947580679609,81.94553308852538,72.92717297813809,25.0,6.0,2.0,compute_bound,
2026-01-05 00:43:00,92.76197462731557,47.95945177087324,76.71769955264848,383.0316148875978,0.0,0.0,42.96954131640449,66.96989287746263,79.64232496777555,64.05317127778704,26.0,4.0,2.0,compute_bound,
2026-01-05 00:44:00,89.62510335079958,48.73373436931148,76.43831225024644,360.20916755667434,0.0,0.0,40.64110157841141,68.1410243077396,74.59280476203108,73.89768711811162,27.0,3.0,2.0,compute_bound,
2026-01-05 00:45:00,89.19104789708112,51.26076979717527,76.20458239638084,363.45255039396125,0.0,0.0,39.537364019662796,67.05521689393603,85.72141879230398,74.6247051833322,28.0,6.0,2.0,compute_bound,
2026-01-05 00:46:00,91.72446524333935,49.34074585730269,75.99493007322368,365.44009747980454,0.0,0.0,39.244705011962644,65.45500112703998,92.07469357639367,78.54162172729204,29.0,6.0,2.0,compute_bound,
2026-01-05 00:47:00,97.80233547117098,51.56348079188249,75.82203283223346,389.8479454380023,0.0,0.0,38.09936803396318,66.57263871997867,109.62804441506866,75.70860408267608,30.0,4.0,2.0,compute_bound,
2026-01-05 00:48:00,93.68877647525537,52.284333498173424,75.81770932113056,382.8636640379874,0.0,0.0,38.60516493902933,67.13736314099674,139.3571946563389,78.22668596186647,31.0,3.0,2.0,compute_bound,
2026-01-05 00:49:00,90.22712194054537,53.07409811651471,75.85648970548009,368.73881883202904,0.0,0.0,35.73850032132642,66.8935673955388,137.2782727657198,83.61138213635316,32.0,3.0,2.0,compute_bound,
2026-01-05 00:50:00,87.13429040540647,52.17822117757278,75.61842537040107,361.9335612748098,0.0,0.0,38.36265047884039,63.99555064225892,114.04740929245466,77.62432960235974,33.0,5.0,2.0,compute_bound,
2026-01-05 00:51:00,88.92532470979131,50.875829403594,75.67133912077587,364.2086712319946,0.0,0.0,37.148334360296744,63.28832148380576,110.02540958957789,74.41738880032345,34.0,3.0,2.0,compute_bound,
2026-01-05 00:52:00,86.89001355380279,52.43017114588692,75.30189411051535,356.51031836604767,0.0,0.0,30.655251023346317,61.265174107792234,89.225473677933,57.889584441960764,35.0,4.0,2.0,compute_bound,
2026-01-05 00:53:00,89.969198823086,51.189404946465494,75.4886361828499,371.95601176828757,0.0,0.0,33.50454526501438,63.42261644563692,87.16678189838598,68.17994698315569,36.0,2.0,2.0,compute_bound,
2026-01-05 00:54:00,91.85391054421436,53.90057945366197,75.8753679030478,373.12459303279707,0.0,0.0,34.525563784941376,65.09440088648292,106.81097439148064,75.31907725087092,37.0,4.0,2.0,compute_bound,
2026-01-05 00:55:00,89.41997621008227,52.96810716601775,76.12368371372405,372.3220882928166,0.0,0.0,32.84020428998355,65.45225848714564,126.86068379761588,67.83284902437778,38.0,5.0,2.0,compute_bound,
2026-01-05 00:56:00,93.5612695496019,57.60154616241839,76.22499790165323,372.56115056332,0.0,0.0,30.72852885631696,64.81934827356643,115.52156828239937,70.08438596850867,39.0,2.0,2.0,compute_bound,
2026-01-05 00:57:00,94.42561735709843,57.9655434913464,76.22668145822504,380.8339490292775,0.0,0.0,29.40776887653654,63.9747400165313,106.11450437944775,71.19653892509335,40.0,4.0,2.0,compute_bound,
2026-01-05 00:58:00,94.02645740123779,58.10115909419662,76.4667203857426,379.32919079835176,0.0,0.0,26.15113737202347,64.11190106804807,123.89020425743638,76.97662519913513,41.0,3.0,2.0,compute_bound,
2026-01-05 00:59:00,95.02163442156365,57.08703557994693,76.46530739461205,379.46662665982285,0.0,0.0,30.762202626728268,62.07332279860732,115.88137602989427,73.8931836260765,42.0,4.0,2.0,compute_bound,
2026-01-05 01:00:00,95.40911143293624,58.420518640206005,76.58055597137346,382.3861715284098,0.0,0.0,28.837620201916593,63.72870666113296,98.44918689961305,54.57867909714438,43.0,5.0,2.0,compute_bound,
2026-01-05 01:01:00,93.32851322454715,58.31405944145535,76.82124550929878,368.6299002262193,0.0,0.0,31.009449730824073,62.74587649351437,117.3734682091191,53.89292476683305,44.0,5.0,2.0,compute_bound,
2026-01-05 01:02:00,93.511252806814,54.641568049337465,76.81275150860101,380.62343713055793,0.0,0.0,31.589504140114638,61.95733250912231,115.47282908492221,52.211098015062596,45.0,2.0,2.0,compute_bound,
2026-01-05 01:03:00,92.48648010837663,55.9448268388213,76.95612975295806,372.8162263901488,0.0,0.0,27.102730378954607,57.68637346199659,98.7091022642871,58.11264927327803,46.0,3.0,2.0,compute_bound,
2026-01-05 01:04:00,87.19025033859243,55.718023923024845,76.55548421771726,350.61380233789635,0.0,0.0,24.554505881120733,62.13991376551162,103.03659996943708,56.323443272171545,47.0,6.0,2.0,compute_bound,
2026-01-05 01:05:00,89.20379032278123,56.42600755987351,76.54249689981461,365.74777220828156,0.0,0.0,31.0252731577949,59.85773476927299,85.12745738455669,68.14214708209458,48.0,3.0,2.0,compute_bound,
2026-01-05 01:06:00,92.49371173300268,55.976520643582155,76.59174863928831,370.3080269064131,0.0,0.0,31.800153841827402,58.72976161249625,113.1663817997892,78.29112207623638,49.0,4.0,2.0,compute_bound,
2026-01-05 01:07:00,93.5273074683194,54.193279565885085,77.070941002741,381.54167327681915,0.0,0.0,34.28151383759278,59.68666785182369,118.97037808871721,76.42432967019279,50.0,4.0,2.0,compute_bound,
2026-01-05 01:08:00,94.48655076009784,52.787689744709354,77.46950213223377,376.7238301259058,0.0,0.0,37.09279802678183,60.87516191407935,115.94381952786685,83.5055824865175,51.0,6.0,2.0,compute_bound,
2026-01-05 01:09:00,100.0,54.852702150555274,77.86381149187974,402.2169677663928,0.0,0.0,32.99227656888536,61.06698069700991,103.87897267402234,90.0715097001594,52.0,5.0,2.0,compute_bound,
2026-01-05 01:10:00,99.68550467420447,57.88980455236454,77.72995182627432,393.8598265880754,0.0,0.0,29.253234025412695,64.2212438477453,96.69861953256645,100.003228374255,53.0,3.0,2.0,compute_bound,
2026-01-05 01:11:00,94.06395334425515,54.50023715023699,77.58719297443646,386.8736018008019,0.0,0.0,31.106850156079197,62.49683489189353,108.59621059066833,114.4621133146881,54.0,4.0,2.0,compute_bound,
2026-01-05 01:12:00,95.35720974524125,54.43117010425816,77.74086233648688,370.98998330466975,0.0,0.0,37.47264306016167,66.5862739116133,121.42692187798579,106.785601581064,55.0,3.0,2.0,compute_bound,
2026-01-05 01:13:00,96.47865083268371,52.4420095938256,77.90979694414668,386.0337916462979,0.0,0.0,40.67334612488438,67.51103860894855,89.48125834584197,88.84640152688078,56.0,4.0,2.0,compute_bound,
2026-01-05 01:14:00,97.07840066575902,51.618255981523085,78.37023082509393,390.39825618526663,0.0,0.0,36.3300840134364,68.64577711685038,92.05119880400368,80.926180116923,57.0,3.0,2.0,compute_bound,
2026-01-05 01:15:00,93.37943635724865,54.31387308999204,78.40987920747159,381.83012089027574,0.0,0.0,34.62842021179842,68.63591513704834,75.93236380001268,85.97870808284685,58.0,2.0,2.0,compute_bound,
2026-01-05 01:16:00,96.21983389744594,54.503937636988766,77.94305404206656,390.99841884223906,0.0,0.0,41.668762323169275,68.86680164729334,84.21321585908211,103.8299756532723,59.0,3.0,2.0,compute_bound,
2026-01-05 01:17:00,95.21811144211082,51.49283475458166,78.00128012245945,386.24406005325744,0.0,0.0,44.48315608467537,68.87976525228115,95.32615092416212,101.60243540068683,60.0,6.0,2.0,compute_bound,
2026-01-05 01:18:00,95.2068007086771,52.747689962177134,78.36379776962528,382.28031115784427,0.0,0.0,42.91520395451696,67.90210397431233,94.89139286485603,105.03968983564204,61.0,6.0,2.0,compute_bound,
2026-01-05 01:19:00,92.16682959186525,51.235573652410395,78.24300684780762,372.39758628573725,0.0,0.0,41.234596978750766,68.8308828686776,102.7178166104267,85.18982279843644,62.0,2.0,2.0,compute_bound,
2026-01-05 01:20:00,92.99145478531389,47.79240591587715,78.54379701855629,373.2635912612232,0.0,0.0,41.735304999650786,66.36652044329325,105.38450690635625,106.56700915187517,63.0,5.0,2.0,compute_bound,
2026-01-05 01:21:00,90.09254155633734,51.48887230558636,78.6873384305438,354.4766285682946,0.0,0.0,41.8075177463264,64.81183110486185,88.98041621896039,108.9695627762018,64.0,4.0,2.0,compute_bound,
2026-01-05 01:22:00,92.05980084005824,50.865611187755356,78.4143107457731,384.8109111205569,0.0,0.0,41.476986827497626,66.11869629372121,76.32667244639846,88.39699763083414,65.0,5.0,2.0,compute_bound,
2026-01-05 01:23:00,93.25552849667015,49.17990913556616,78.14495065538055,375.58253090701237,0.0,0.0,42.66385737599185,61.49798898243655,87.26210776932794,83.41101543064852,66.0,4.0,2.0,compute_bound,
2026-01-05 01:24:00,94.6906762075702,47.626013647029595,78.30694383081563,377.8364361989411,0.0,0.0,48.03146544188914,64.58237199286951,79.73580442245384,89.17252334803229,67.0,4.0,2.0,compute_bound,
2026-01-05 01:25:00,91.72587580192382,49.7121048046352,78.21114655575244,371.27018592718355,0.0,0.0,47.426350912103025,62.59740854812602,119.95012844398019,79.06625244267835,68.0,3.0,2.0,compute_bound,
2026-01-05 01:26:00,93.73257036091046,49.04819626507333,78.04321037078405,377.2247780334068,0.0,0.0,49.166501223993265,60.089957587653196,114.06646686192116,75.09625763990529,69.0,4.0,2.0,compute_bound,
2026-01-05 01:27:00,93.51056801784021,51.03008974714282,77.69152677866927,372.6941975997528,0.0,0.0,44.009827290735856,58.64588489434911,99.33377516226265,75.44151847852604,70.0,5.0,2.0,compute_bound,
2026-01-05 01:28:00,94.93726409790473,49.37869195057135,77.74306707627971,386.5820592242062,0.0,0.0,45.575292102324894,61.2529321135776,92.91447229574914,77.6133231886621,71.0,6.0,2.0,compute_bound,
2026-01-05 01:29:00,99.34321530022353,49.00110285751934,78.07981212400917,391.9884693387141,0.0,0.0,45.947305169209756,60.169268754296304,98.4589256942647,81.86646368920559,72.0,3.0,2.0,compute_bound,
2026-01-05 01:30:00,100.0,47.3693047894198,78.14075622003809,401.89763228275194,0.0,0.0,45.32243654334186,58.71912817320696,91.44349854008064,77.89873535005842,73.0,5.0,2.0,compute_bound,
2026-01-05 01:31:00,97.82314084509822,48.00662013034571,78.33190049653115,396.1027496713373,0.0,0.0,43.080484771879,60.20933851542108,91.12527114520552,77.97394026677561,74.0,5.0,2.0,compute_bound,
2026-01-05 01:32:00,96.17680311342266,50.507313754316954,78.17561898213754,387.8022746544222,0.0,0.0,41.560654670170685,56.92282613920219,67.08333563686907,84.31908412386315,75.0,3.0,2.0,compute_bound,
2026-01-05 01:33:00,92.99885603479332,51.023601690156255,78.40477688779283,375.2292687089785,0.0,0.0,40.67737760243576,59.67532922916233,81.21875046246907,91.79669020204028,76.0,2.0,2.0,compute_bound,
2026-01-05 01:34:00,91.18691654119782,52.170418336905975,78.80450787223937,378.03406742924693,0.0,0.0,40.900972786897455,57.66565464942581,82.87875455701054,85.48092760585328,77.0,6.0,2.0,compute_bound,
2026-01-05 01:35:00,94.36437064687712,51.74713823598032,78.54505294608784,376.23466572421194,0.0,0.0,39.61490558927143,55.68096650841105,99.55352573483876,85.48066931457006,78.0,6.0,2.0,compute_bound,
2026-01-05 01:36:00,94.36677625172045,53.61648080046897,78.42705393686865,381.4061773295291,0.0,0.0,39.46416867328387,57.595227830701184,101.7194308922743,73.6558438861858,79.0,2.0,2.0,compute_bound,
2026-01-05 01:37:00,90.60604302725322,52.536662190414866,77.92702355456564,364.8881844824879,0.0,0.0,34.88689873033678,59.80094450508307,87.66422858411926,69.72260420705096,80.0,3.0,2.0,compute_bound,
2026-01-05 01:38:00,92.50444861152916,52.90493584222486,77.55141509327593,365.3401742952108,0.0,0.0,43.28740183935359,56.41519845818556,117.27846075344155,61.70104401938203,81.0,7.0,2.0,compute_bound,
2026-01-05 01:39:00,92.15187585971495,49.96435641427916,77.50921728459645,374.1991155270801,0.0,0.0,44.981336277193556,58.63587940862473,131.49405128998393,61.60264649774218,82.0,2.0,2.0,compute_bound,
2026-01-05 01:40:00,91.19100719548523,51.00181385748769,77.2948086860701,374.4502383812445,0.0,0.0,47.67180546753136,56.473669097011005,119.34230341800624,60.89675768822594,83.0,4.0,2.0,compute_bound,
2026-01-05 01:41:00,89.03492848075162,50.57297948565149,76.55346462158839,366.8580184771863,0.0,0.0,43.7887545906178,56.96343817973206,132.50450404434696,62.81872213749323,84.0,5.0,2.0,compute_bound,
2026-01-05 01:42:00,87.05352557389541,48.76155847827275,76.15183841501687,352.707573309571,0.0,0.0,41.56393042386015,57.75390662715775,104.45391297590268,60.50424446714864,85.0,4.0,2.0,compute_bound,
2026-01-05 01:43:00,84.55033448253461,50.836391567981735,76.27197559690056,357.41367031339774,0.0,0.0,42.234869929354865,56.23646957915948,100.41291202355185,72.59642296572697,86.0,4.0,2.0,compute_bound,
2026-01-05 01:44:00,81.33878706857733,49.61431384238074,75.96818684819894,340.8543174015165,0.0,0.0,41.6819418941569,57.20745471746088,97.10908071356046,59.74817553899621,87.0,4.0,2.0,compute_bound,
2026-01-05 01:45:00,84.68239217048057,47.94376837145977,75.58945931366492,353.18520416211896,0.0,0.0,44.89016416038456,58.413186084686345,80.28409914686169,59.32439456891851,88.0,3.0,2.0,compute_bound,
2026-01-05 01:46:00,84.80171932857735,48.3307839240506,75.3743250932632,346.5665939206559,0.0,0.0,38.282159424054036,53.38236619456174,90.45713190779422,71.0941605335228,89.0,3.0,2.0,compute_bound,
2026-01-05 01:47:00,89.15088994484101,46.797604500547976,74.8352947091598,361.0784853788043,0.0,0.0,40.18837689877035,54.72482663117103,111.0641051598834,58.43686740938387,90.0,3.0,2.0,compute_bound,
2026-01-05 01:48:00,91.24900292488513,50.828711949403285,74.97339954097983,381.2695146296269,0.0,0.0,41.49192361722228,55.532780372060124,137.4676897023155,71.5626551985456,91.0,3.0,2.0,compute_bound,
2026-01-05 01:49:00,91.04262127304236,50.33231035413767,74.98895777902007,368.55416251013077,0.0,0.0,42.60447500621493,58.72171673311174,152.38002808817856,80.16230900452635,92.0,4.0,2.0,compute_bound,
2026-01-05 01:50:00,88.86797480258873,53.52662690445081,75.13294721411124,360.2772795391325,0.0,0.0,46.624441890887546,63.29194234356474,123.68444090280158,100.46786184363742,93.0,4.0,2.0,compute_bound,
2026-01-05 01:51:00,89.47196050335907,52.62986590308261,75.18570362159141,366.35618705533045,0.0,0.0,46.74782891850676,61.60117220399312,102.24506208527474,93.6186233689613,94.0,6.0,2.0,compute_bound,
2026-01-05 01:52:00,86.48924561888303,54.894511624444526,75.45118145335957,350.8868095476065,0.0,0.0,45.1159484260476,62.57435739207096,80.5518530725247,85.42503872543108,95.0,4.0,2.0,compute_bound,
2026-01-05 01:53:00,88.85254757238968,55.43898300292116,75.43438008133523,367.27118035520664,0.0,0.0,45.16758877001256,60.84656085946968,75.64027738566361,95.66036752733834,96.0,2.0,2.0,compute_bound,
2026-01-05 01:54:00,90.05756235467862,53.74931138592886,75.23298286932662,364.71808540423245,0.0,0.0,42.90902254049145,61.32061544608881,65.67443651945436,84.72101405484875,97.0,7.0,2.0,compute_bound,
2026-01-05 01:55:00,89.27224220052561,52.81596332299019,75.20838973136996,365.93074927477375,0.0,0.0,43.938861202435106,61.433418732587214,63.96091471449558,80.13102260533918,98.0,4.0,2.0,compute_bound,
2026-01-05 01:56:00,83.81456076620873,54.70336318389364,74.99468463177637,346.658385311868,0.0,0.0,42.32009084225394,60.696537928210546,96.20687417973399,72.92894901391337,99.0,4.0,2.0,compute_bound,
2026-01-05 01:57:00,88.32789212030164,54.3290620350282,75.1741986727512,361.8583468844185,0.0,0.0,43.62963312656094,63.9689464320219,90.31003157198667,74.03945684756034,100.0,2.0,2.0,compute_bound,
2026-01-05 01:58:00,87.97856821875247,53.42801930015599,75.49297257243336,357.54825932955816,0.0,0.0,43.008621910535034,64.18517468268834,117.49293190652281,86.3891737427063,101.0,4.0,2.0,compute_bound,
2026-01-05 01:59:00,88.45023139341001,50.14971111819343,75.74376425804567,357.5724281192655,0.0,0.0,41.998257797784824,64.59464874698241,123.85748564677809,97.92605324778455,102.0,4.0,2.0,compute_bound,
2026-01-05 02:00:00,90.95005100089469,51.23038580945831,75.40805913130735,376.7574660156022,0.0,0.0,37.62430658796579,61.95491788210698,116.42991684546037,72.31936040949716,103.0,3.0,2.0,compute_bound,
2026-01-05 02:01:00,93.53258024277886,49.948960938084376,75.59790944825396,371.72059476605324,0.0,0.0,36.55560369546874,63.58059698611875,116.47369991657786,71.7439951695832,104.0,3.0,2.0,compute_bound,
2026-01-05 02:02:00,94.0048119367817,47.94388991618898,76.275069847273,400.10445195244114,0.0,0.0,38.903620999650784,65.01651713811628,111.32024405102602,58.36922803247391,105.0,5.0,2.0,compute_bound,
2026-01-05 02:03:00,93.20155758140709,51.10415618346253,76.57261090361848,377.91043168021014,0.0,0.0,41.04863519685215,62.14093339905004,107.21856696019466,56.613179338894824,106.0,2.0,2.0,compute_bound,
2026-01-05 02:04:00,92.12633123242318,49.392777512108,76.86210911135653,373.1631234349815,0.0,0.0,41.027513998759,61.47616906084974,86.899430326867,69.43237290280346,107.0,4.0,2.0,compute_bound,
2026-01-05 02:05:00,89.656211847695,55.99394833164284,76.44835888229238,365.11574522516617,0.0,0.0,46.876594197189775,60.53014600423087,105.42778986101834,73.30970626991503,108.0,4.0,2.0,compute_bound,
2026-01-05 02:06:00,92.92046095520183,55.34311920614142,75.89012787766158,371.5413645490724,0.0,0.0,46.34862255831604,60.13063001545884,112.39811015346785,69.68548151101758,109.0,3.0,2.0,compute_bound,
2026-01-05 02:07:00,87.93460687456489,54.92162982497603,76.0107216922594,362.66008796986495,0.0,0.0,46.132612244477684,60.585364221303536,104.64089152245644,67.02517191759449,110.0,4.0,2.0,compute_bound,
2026-01-05 02:08:00,86.6060536072515,55.006667078515626,75.92461310660075,354.9710760084436,0.0,0.0,47.225191386459926,61.19916701362868,107.5272791081112,77.1752646272312,111.0,5.0,2.0,compute_bound,
2026-01-05 02:09:00,87.53193462057817,57.20532310125435,75.87610542106388,349.8970842318083,0.0,0.0,48.454861544414506,61.848799798831415,85.02617170646904,88.34216473684644,112.0,6.0,2.0,compute_bound,
2026-01-05 02:10:00,92.0734431400996,56.70822518599089,76.4799132939511,377.03828042682636,0.0,0.0,45.783273836982836,59.90486523742489,90.35071457237632,86.21126360745703,113.0,3.0,2.0,compute_bound,
2026-01-05 02:11:00,93.62677412631278,53.48877671697322,76.1366314270875,367.6127629307024,0.0,0.0,45.586247266344806,63.84811487391853,85.19348917037672,76.87434967269982,114.0,3.0,2.0,compute_bound,
2026-01-05 02:12:00,92.70234615106926,56.209975485645856,76.09301180638889,365.4077546249619,0.0,0.0,45.1332214035436,61.91223552777939,78.51130637808461,77.3611075358111,115.0,5.0,2.0,compute_bound,
2026-01-05 02:13:00,91.96527262981652,53.521052208266134,76.25241819554678,371.2839494913068,0.0,0.0,45.15160633635361,61.50880134356262,84.48314459918096,72.57547600135882,116.0,5.0,2.0,compute_bound,
2026-01-05 02:14:00,86.02841817516175,49.99644840913876,75.9829051652089,351.6792877131438,0.0,0.0,43.80193131278618,60.82952471970167,116.96603672275899,78.28158961380645,117.0,2.0,2.0,compute_bound,
2026-01-05 02:15:00,88.7627777379833,46.98828018162759,75.43032017843665,367.4498251606619,0.0,0.0,41.6655785764124,58.32078888419109,94.9053850201862,106.76074230249134,118.0,3.0,2.0,compute_bound,
2026-01-05 02:16:00,91.67814469045314,46.821551139347,75.29799540795665,367.62279994149844,0.0,0.0,43.69188320157235,53.98946168090503,79.07630526487675,86.97640962779246,119.0,3.0,2.0,compute_bound,
2026-01-05 02:17:00,91.53562037067968,44.73746382120285,75.32231136027072,374.72875120164395,0.0,0.0,42.345755509621775,54.44864681811258,66.10344678832277,102.15310138870046,120.0,3.0,2.0,compute_bound,
2026-01-05 02:18:00,92.11930207389717,39.330171329901134,75.3783578350658,379.3637287364639,0.0,0.0,39.916391611389336,54.57855608834137,49.80321542594339,83.41172612612121,121.0,5.0,2.0,compute_bound,
2026-01-05 02:19:00,93.85181449911639,40.77051210740923,75.94916723693912,376.45604659956945,0.0,0.0,39.55723199263613,55.787236705612436,64.21206874005549,85.71067686369595,122.0,2.0,2.0,compute_bound,
2026-01-05 02:20:00,91.62397565942773,43.71424701371442,75.63980784666256,372.1684794736909,0.0,0.0,45.48968109014822,54.702696928229706,61.02876566698694,76.97965955912458,123.0,4.0,2.0,compute_bound,
2026-01-05 02:21:00,88.64794735041653,43.17017301214031,75.58255288483319,362.02135389749725,0.0,0.0,43.60906456959639,57.11343748291407,56.21737735806184,82.46758390744642,124.0,4.0,2.0,compute_bound,
2026-01-05 02:22:00,89.265151200007,38.01750223724606,75.36560400004987,362.7709568364151,0.0,0.0,45.12135864317717,55.131189941235846,53.31610182343279,82.02224712573754,125.0,3.0,2.0,compute_bound,
2026-01-05 02:23:00,88.77954394066374,39.19460217452988,75.2446543290587,358.78820722360615,0.0,0.0,45.812993740284426,54.053593177286835,57.46459146036686,74.14449864091571,126.0,5.0,2.0,compute_bound,
2026-01-05 02:24:00,89.58923191506234,39.75953084391484,75.56399022514792,372.80777187029315,0.0,0.0,51.05183574898946,51.291897506228295,57.48094620493503,74.13938209925924,127.0,3.0,2.0,compute_bound,
2026-01-05 02:25:00,93.08943982593453,42.03617404490131,75.72450036861338,372.82598764562556,0.0,0.0,44.092138867943916,54.76291179010204,66.79829960328023,76.54605257535837,128.0,5.0,2.0,compute_bound,
2026-01-05 02:26:00,90.10845318904198,43.48852276469836,75.63032023194536,365.45780158360355,0.0,0.0,45.28955818777261,54.117138026771265,83.37461268206607,70.48465248717064,129.0,4.0,2.0,compute_bound,
2026-01-05 02:27:00,93.32457948375178,44.98279580299927,75.94050591209692,381.4692383205772,0.0,0.0,42.98622258435994,53.88891894186295,78.34113247047303,75.3612696890408,130.0,6.0,2.0,compute_bound,
2026-01-05 02:28:00,93.30274767677889,41.78067280948131,76.10788846966983,379.7651780315392,0.0,0.0,38.487491662567066,55.11757857543522,75.49442210720706,83.57681217435103,131.0,6.0,2.0,compute_bound,
2026-01-05 02:29:00,93.15284914014956,45.06261724540364,76.0269037931951,368.6303392836445,0.0,0.0,37.95545080763972,55.509402620825476,77.4570165533334,85.71477364505876,132.0,2.0,2.0,compute_bound,
2026-01-05 02:30:00,94.09653315126543,44.56804180140314,76.37723309584432,382.01968382953294,0.0,0.0,39.14828282433762,56.7451473559044,81.46926328643485,69.10826896673436,133.0,5.0,2.0,compute_bound,
2026-01-05 02:31:00,95.51153001829917,45.49162963067576,76.96652702523149,382.78453521732,0.0,0.0,42.37450412135235,56.78732775663691,88.64953592346649,57.160873024512696,134.0,4.0,2.0,compute_bound,
2026-01-05 02:32:00,98.70986940470164,43.872473571531756,77.01219707902136,404.33278256930197,1.0,0.0,44.47441060634685,57.69234848967422,92.57789212938088,64.51731850561752,135.0,4.0,2.0,compute_bound,
2026-01-05 02:33:00,98.23796227184599,46.04325060187623,77.4343333896473,400.32666166714074,0.0,0.0,42.18343553488511,58.48051307684914,118.71787309418175,48.26041564401295,136.0,4.0,2.0,compute_bound,
2026-01-05 02:34:00,95.35542048665476,46.01921552896405,77.67478754762816,388.5186770390333,0.0,0.0,44.02594227716183,56.778608831398486,94.1024182177194,58.01445081347477,137.0,3.0,2.0,compute_bound,
2026-01-05 02:35:00,100.0,45.28234336073656,78.22788680447547,406.0122727567284,0.0,0.0,44.9821388813071,58.89977372848472,102.33451406265439,69.02288067755386,138.0,4.0,2.0,compute_bound,
2026-01-05 02:36:00,95.34997936920095,44.796007008252154,78.4756938397366,390.84078097034165,0.0,0.0,48.95616132472755,61.46606341188665,81.9283640489173,74.31671486760781,139.0,4.0,2.0,compute_bound,
2026-01-05 02:37:00,95.02062220115052,41.77672011739646,78.20763923632022,380.3325025127825,0.0,0.0,50.84487490980332,60.428810471779144,70.6004425037083,73.91779246233659,140.0,5.0,2.0,compute_bound,
2026-01-05 02:38:00,94.14739113640259,47.18425409893253,78.01079466911095,376.91772156571983,0.0,0.0,49.264435900934245,58.26781374863197,51.526733077305394,81.22110067881479,141.0,4.0,2.0,compute_bound,
2026-01-05 02:39:00,95.28406004323965,48.60903934387999,77.21666876049746,375.20674022647097,0.0,0.0,48.09107062538263,57.53384065970051,64.26097822754708,83.18756440112901,142.0,4.0,2.0,compute_bound,
2026-01-05 02:40:00,92.95368568304718,46.22576868902503,77.36681469261568,376.03380762526854,0.0,0.0,45.92369923183816,55.75997843011695,49.31218203765307,87.45735866350515,143.0,5.0,2.0,compute_bound,
2026-01-05 02:41:00,94.54801898329205,45.274939624541794,77.11295315952249,379.92899119373374,0.0,0.0,39.24557215919239,57.436347443213606,54.043142379305266,105.09767369392817,144.0,4.0,2.0,compute_bound,
2026-01-05 02:42:00,92.86888926151174,43.82074759508403,77.4947259177689,377.5756098608575,0.0,0.0,38.90316928107589,57.27057465382856,54.56804540847057,103.39030953012497,145.0,2.0,2.0,compute_bound,
2026-01-05 02:43:00,89.33020470036232,45.00191124460575,76.69918715253797,362.32810374507176,0.0,0.0,36.19661673021067,58.62170075753898,61.90421088847272,91.3513243758118,146.0,4.0,2.0,compute_bound,
2026-01-05 02:44:00,93.02493916476385,45.285350045392796,76.4697525641053,367.9810237667417,0.0,0.0,34.46691906957204,58.53295217695821,59.51527990220037,76.30685107404616,147.0,2.0,2.0,compute_bound,
2026-01-05 02:45:00,90.52817074252454,49.836288965663286,76.46903455172372,369.71323687236276,0.0,0.0,32.60518619445791,60.09195815030169,71.55979820039266,67.09021245686988,148.0,3.0,2.0,compute_bound,
2026-01-05 02:46:00,91.19791295454763,52.30398921697283,76.78920290121145,377.0230378787136,0.0,0.0,33.94529123816973,59.919505032936875,71.43899917678738,80.45006483037324,149.0,6.0,2.0,compute_bound,
2026-01-05 02:47:00,89.19226140011145,52.557559728095924,76.33123188269315,365.06986702336764,0.0,0.0,33.865270146398274,62.88125763858572,63.3843513305139,76.4634906778491,150.0,5.0,2.0,compute_bound,
2026-01-05 02:48:00,85.43042150319901,51.062582705455384,75.89758878194115,356.53811215026496,0.0,0.0,41.61239133999474,60.858349275295126,74.79505747096752,59.65387347020685,151.0,4.0,2.0,compute_bound,
2026-01-05 02:49:00,86.38691627349269,49.810012759199864,76.1215614030429,351.8858237532153,0.0,0.0,40.63393417795166,60.93115697155148,73.24449637069047,73.17199009978619,152.0,2.0,2.0,compute_bound,
2026-01-05 02:50:00,83.81155575960017,48.04764624243126,75.74188747962944,339.0029375868673,0.0,0.0,39.25441416614868,60.44766661545879,79.71145266638197,70.84586283910097,153.0,6.0,2.0,compute_bound,
2026-01-05 02:51:00,86.33104431799592,45.72324136177265,75.81536601838785,345.75799158209315,0.0,0.0,39.106755492294965,61.84898306200459,60.095673422782625,92.59722324101374,154.0,4.0,2.0,compute_bound,
2026-01-05 02:52:00,88.14131509360685,46.19016570761303,75.90485857363007,355.30831932559016,0.0,0.0,40.14353424787919,58.22091831765975,35.73578463274498,89.84933341852518,155.0,2.0,2.0,compute_bound,
2026-01-05 02:53:00,86.37074093358436,46.02743937084967,75.64295660447618,345.15282748717897,0.0,0.0,38.91675616484684,60.84094396071893,41.348585312086776,121.31752292241093,156.0,10.0,2.0,compute_bound,
2026-01-05 02:54:00,83.22968454723026,46.34795514628164,75.08185005836266,346.95428313797026,0.0,0.0,41.649138869960865,60.945266236594584,42.45219989516672,121.70844253927018,157.0,3.0,2.0,compute_bound,
2026-01-05 02:55:00,79.10351687850172,50.86702772315602,74.61664704599465,315.07907181187625,0.0,0.0,42.62507069684443,60.87713999289563,54.830610028940285,110.32701207089077,158.0,6.0,2.0,compute_bound,
2026-01-05 02:56:00,78.21358675466263,52.66185030993875,73.99831672771336,319.382203077131,0.0,0.0,39.557030395205985,61.04414510262209,53.699870435674654,99.51557395738033,159.0,5.0,2.0,compute_bound,
2026-01-05 02:57:00,81.84091889255973,52.624556530577316,73.36957767916692,331.68617259736874,0.0,0.0,41.897352812856646,61.21068654994743,67.39557179816174,89.04433423516804,160.0,2.0,2.0,compute_bound,
2026-01-05 02:58:00,83.75283836511801,54.28671181644239,73.58622930389383,338.56426656479425,0.0,0.0,42.99703846631496,61.804872069935755,103.99341922482093,92.68237929003983,161.0,4.0,2.0,compute_bound,
2026-01-05 02:59:00,85.72547266341472,54.09855333638948,73.96248671260227,356.95478308098046,0.0,0.0,39.112918527572965,59.30200260460578,95.69796187240092,83.00870543477505,162.0,5.0,2.0,compute_bound,
2026-01-05 03:00:00,89.62541702118901,50.8007800560107,74.42053629568397,369.2813184853051,0.0,0.0,41.961885865694846,61.82473458758754,101.41731219639553,85.53232528272947,163.0,3.0,2.0,compute_bound,
2026-01-05 03:01:00,87.58617516729694,50.87739634743211,74.67601803001588,359.9800058670976,0.0,0.0,45.68547507967577,67.40715953335057,110.68044348894189,77.85056655986502,164.0,3.0,2.0,compute_bound,
2026-01-05 03:02:00,85.7604593382584,50.02392946974585,74.74172295671514,354.6094789336635,0.0,0.0,44.30171126136711,61.70414039333755,91.06062656906659,79.52750490374363,165.0,3.0,2.0,compute_bound,
2026-01-05 03:03:00,86.79727764796867,47.94774047642141,74.57168799081414,354.31697433764987,0.0,0.0,35.50914797874747,57.391272445657485,77.38033288190933,74.36544560892831,166.0,5.0,2.0,compute_bound,
2026-01-05 03:04:00,90.1007864739373,48.09428867241807,74.78778083181757,371.86470742548295,0.0,0.0,42.33582884888601,54.89544747878372,80.3739829904956,82.94329100957754,167.0,9.0,2.0,compute_bound,
2026-01-05 03:05:00,90.96762009454193,50.170835851228176,74.58152385667691,365.4475969601238,0.0,0.0,39.60663484599087,55.73088335926899,81.14563243849611,77.31141233005131,168.0,4.0,2.0,compute_bound,
2026-01-05 03:06:00,93.9407188463135,54.54748443333716,75.25480863433157,386.61899693311545,0.0,0.0,33.605252263498606,55.959657478038814,46.656310928775525,80.1124887941017,169.0,6.0,2.0,compute_bound,
2026-01-05 03:07:00,88.75815792714684,53.37587745198743,75.45447740710573,361.73835308141264,0.0,0.0,30.446688812015914,56.70900629943039,42.036341502969506,68.52715112886106,170.0,5.0,2.0,compute_bound,
2026-01-05 03:08:00,85.6410327518042,51.64144691459266,74.54807125477706,340.3353176032808,0.0,0.0,33.29521226378942,57.44970233313302,38.644179864544355,65.16711744403996,171.0,5.0,2.0,compute_bound,
2026-01-05 03:09:00,88.28275190230877,52.24118857086867,74.4723045868634,360.7280507407773,0.0,0.0,32.908889310035214,55.083848466642294,22.341871537349988,70.24115954737593,172.0,5.0,2.0,compute_bound,
2026-01-05 03:10:00,87.57688242226362,50.49252554689682,74.25255712302616,348.9134402278272,0.0,0.0,32.50515806175065,58.02208309960865,15.980543142271188,73.36196440722667,173.0,4.0,2.0,compute_bound,
2026-01-05 03:11:00,90.24319429104452,54.086758887739705,74.83314564364052,361.813571630366,0.0,0.0,28.353507033250846,59.16303199306224,34.84049614121237,57.56059594051637,174.0,3.0,2.0,compute_bound,
2026-01-05 03:12:00,96.74860624992529,52.712728089532284,75.15210490032091,387.3439610671024,0.0,0.0,29.759675752774125,59.35189771055705,56.757053627279944,56.79905382773087,175.0,4.0,2.0,compute_bound,
2026-01-05 03:13:00,95.22599065338147,51.91506296890707,75.69428495290775,387.4586926142942,0.0,0.0,30.919595224046347,60.11999820691084,84.84924011478564,66.50277136699833,176.0,3.0,2.0,compute_bound,
2026-01-05 03:14:00,93.24079712483088,49.03912748036393,75.91702393076083,375.95726833146114,0.0,0.0,37.0592677024465,60.231030319489925,76.21047114400078,90.6609937419631,177.0,4.0,2.0,compute_bound,
2026-01-05 03:15:00,93.94814020690718,48.29948558542773,76.07190796761677,380.4945461029539,0.0,0.0,39.59053632794352,59.741998710105726,67.15339481524177,90.22228791441364,178.0,3.0,2.0,compute_bound,
2026-01-05 03:16:00,91.84158229709799,49.28426216149281,76.28932023608294,370.2859508515691,0.0,0.0,45.04998444016772,59.30254356077681,66.74428495557163,88.08024616806159,179.0,2.0,2.0,compute_bound,
2026-01-05 03:17:00,90.95944120127515,50.339686831033966,76.31942617345749,378.0471184998481,0.0,0.0,44.77245395024042,60.63158821964534,73.71247951269645,94.32323831414644,180.0,4.0,2.0,compute_bound,
2026-01-05 03:18:00,92.9446158580102,51.30757910378767,76.35116783702797,370.8164095614647,0.0,0.0,42.12937021044552,60.847357200669435,70.74569630301741,84.93286251573153,181.0,6.0,2.0,compute_bound,
2026-01-05 03:19:00,94.98167974463108,49.26009986660442,77.0272108111704,378.4012946230434,0.0,0.0,42.40642619487589,62.87589364496595,81.24006106582982,95.06052471397435,182.0,3.0,2.0,compute_bound,
2026-01-05 03:20:00,91.24643414934249,51.09005276445897,76.87414350118584,369.4037498120062,0.0,0.0,44.33633733099905,61.166665357535955,109.17103117984722,81.67847082145387,183.0,3.0,2.0,compute_bound,
2026-01-05 03:21:00,90.48973837978416,51.33174645014554,76.76402723638473,365.5250383810497,1.0,0.0,47.53736823415102,60.78178386272252,92.54966469476561,80.11328309938305,184.0,5.0,2.0,compute_bound,
2026-01-05 03:22:00,87.47213708666892,49.20682045153805,76.46801945844143,356.93291035452,0.0,0.0,49.882076917047016,59.84052403002257,72.07439878812693,98.16949935269082,185.0,2.0,2.0,compute_bound,
2026-01-05 03:23:00,89.21826965301871,48.746091986042515,76.38001502233097,370.94200542663793,0.0,0.0,50.18418187585554,60.33113030146151,87.18520662129559,81.29632672635077,186.0,4.0,2.0,compute_bound,
2026-01-05 03:24:00,88.55698187798454,47.75775824248048,76.00736289537114,360.1999738550915,0.0,0.0,48.08040251703213,55.734855535889565,101.66458789943468,77.62682135588388,187.0,4.0,2.0,compute_bound,
2026-01-05 03:25:00,82.86771512863832,44.7609655418578,75.56591825503575,340.0856391341658,0.0,0.0,45.611786352396464,58.12665625286678,81.75413564399358,102.64101184947859,188.0,6.0,2.0,compute_bound,
2026-01-05 03:26:00,84.98795840900814,43.706615162430985,75.32362397164381,348.14655677821446,0.0,0.0,47.48751700561109,61.970441938612325,74.73018983245946,113.44855702329063,189.0,3.0,2.0,compute_bound,
2026-01-05 03:27:00,88.10150698082465,43.705668576727945,75.3624103844694,365.1759574828436,0.0,0.0,52.21842694385944,59.37208973834081,103.36521602593362,118.86059175671386,190.0,6.0,2.0,compute_bound,
2026-01-05 03:28:00,90.60925496011757,44.448708637163136,74.90263806134783,372.13127433538006,0.0,0.0,51.29468707959098,60.92924374340628,73.66086866728692,123.24417052601757,191.0,3.0,2.0,compute_bound,
2026-01-05 03:29:00,89.51780362785765,45.42559030066753,75.38707442778266,370.4005793935379,0.0,0.0,44.28777124611345,61.29695232451862,70.91108729574455,122.39392261110865,192.0,3.0,2.0,compute_bound,
2026-01-05 03:30:00,88.69347930977045,47.23843925226463,75.60531722594408,367.19326246239393,0.0,0.0,46.21850721415078,62.417860507893906,69.2051643539778,128.13315389133035,193.0,4.0,2.0,compute_bound,
2026-01-05 03:31:00,92.45981555583288,44.06376668748951,75.73388040838373,377.13908028260585,0.0,0.0,47.79964664311236,60.28632473199426,59.88874158194821,124.24873028021348,194.0,2.0,2.0,compute_bound,
2026-01-05 03:32:00,89.72439228333243,45.375833712179556,75.11247009362064,355.50248779265957,0.0,0.0,45.8258969754025,57.30229911285711,65.22105683058385,113.433160103031,195.0,3.0,2.0,compute_bound,
2026-01-05 03:33:00,87.01403557942307,47.68683156745944,74.7120906325538,356.9715676429686,0.0,0.0,43.27003878893738,60.01949989761388,38.770064086201835,100.55719952076919,196.0,2.0,2.0,compute_bound,
2026-01-05 03:34:00,89.12249514680467,48.442180353831205,74.54920407329251,369.33048863403945,0.0,0.0,41.616029388873905,59.543916596182505,45.00398099085225,107.33380691960271,197.0,8.0,2.0,compute_bound,
2026-01-05 03:35:00,84.68298800504219,50.396737135074225,74.3615718412161,343.7450336424652,0.0,0.0,41.106028100687794,63.332370217337505,42.71729900218703,96.32492248037164,198.0,3.0,2.0,compute_bound,
2026-01-05 03:36:00,80.74521428428795,47.59225126551992,73.82556124823678,338.1649630228263,0.0,0.0,42.032544353996016,63.65492076263347,44.25652298850985,96.06531560335837,199.0,3.0,2.0,compute_bound,
2026-01-05 03:37:00,86.7922002150634,47.15799039296857,73.5444667642847,343.7053815902392,0.0,0.0,45.7913250372086,58.04995594361537,46.890964240194805,96.58605701802169,200.0,5.0,2.0,compute_bound,
2026-01-05 03:38:00,84.67905681587649,45.86887584670946,73.77105924394478,356.93755138151147,0.0,0.0,42.20946023495041,59.82021139693125,51.53539404139353,99.02951480427589,201.0,3.0,2.0,compute_bound,
2026-01-05 03:39:00,82.82871793736403,49.6470732984675,73.54365130300344,338.346660871669,0.0,0.0,43.63892405490489,60.64070488609182,57.15270587535524,97.80378999257027,202.0,6.0,2.0,compute_bound,
2026-01-05 03:40:00,78.6687485103034,51.71810601548947,72.74224922834739,325.14273539603204,0.0,0.0,39.75112348037357,56.782597369774244,64.35764944300035,103.182263480121,203.0,5.0,2.0,compute_bound,
2026-01-05 03:41:00,79.93863971841891,51.47533725320068,72.23013646059431,335.9725358125863,0.0,0.0,37.868344359806,57.55474460198068,70.02522138075096,98.50774283857857,204.0,3.0,2.0,compute_bound,
2026-01-05 03:42:00,80.21275063850948,47.15600212928253,72.21770643528778,334.48016426781044,0.0,0.0,39.618444527159106,59.98366452021401,102.44652223145178,86.9399287409043,205.0,3.0,2.0,compute_bound,
2026-01-05 03:43:00,79.03081099592355,44.44171154965725,72.6808664207801,342.6666704192034,0.0,0.0,38.867481766932315,58.37046224849244,120.95072491021983,85.60666628849148,206.0,4.0,2.0,compute_bound,
2026-01-05 03:44:00,79.64891019767798,42.83574220979501,72.48795858415191,327.7188184859662,0.0,0.0,38.56932414852145,58.685005572512836,120.47258896240523,80.03770761296148,207.0,2.0,2.0,compute_bound,
2026-01-05 03:45:00,81.83801709832298,43.769799247887065,72.12934525499259,336.39881387377653,0.0,0.0,41.1887442208303,60.88061322766645,130.60486996061763,68.85816265115093,208.0,6.0,2.0,compute_bound,
2026-01-05 03:46:00,84.83513361386909,45.53240319101472,72.32907622749157,353.7308479989072,0.0,0.0,44.985430167764,60.51412003938114,102.06650054391261,71.17749006649368,209.0,3.0,2.0,compute_bound,
2026-01-05 03:47:00,86.89320055661587,45.625111992582795,72.31763221877151,362.55676888224616,0.0,0.0,42.905916267256735,61.740612505265574,81.72054381321416,62.999912199625456,210.0,6.0,2.0,compute_bound,
2026-01-05 03:48:00,91.18821782924982,44.538282309407386,72.81374339098316,366.56268668461513,0.0,0.0,44.04920911673699,63.32729543036348,87.94602827734838,67.76252684352197,211.0,6.0,2.0,compute_bound,
2026-01-05 03:49:00,3.6136584281092032,7.882615184136869,69.1772089976181,72.30270757361532,0.0,0.0,2.7663072988147848,33.31089005244578,0.0,3.533576070878845,0.0,6.0,0.0,idle,
2026-01-05 03:50:00,3.1273627253618606,8.365238824336327,65.5236904466548,68.63180973262415,0.0,0.0,0.0,30.879875465780618,0.0,3.392394902932452,0.0,3.0,0.0,idle,
2026-01-05 03:51:00,5.37664598371952,8.764346198351582,62.969862546129505,76.0406168391535,0.0,0.0,0.0,32.689878493575435,0.0,6.995712627603535,0.0,1.0,0.0,idle,
2026-01-05 03:52:00,0.2165295933430338,6.679127306352907,60.43679327799582,63.60781593687565,0.0,0.0,0.0693415424230941,31.6813954899679,0.0,6.5676728625376235,0.0,2.0,0.0,idle,
2026-01-05 03:53:00,0.0,6.915054655410424,58.20576168255984,61.67388309397663,0.0,0.0,0.0,30.884060408237783,0.0,13.576015942280353,0.0,2.0,0.0,idle,
2026-01-05 03:54:00,0.0,9.611900565574999,55.850866899350414,64.95811909823179,0.0,0.0,2.122177349245905,29.465843865041283,0.0,4.536753400684115,0.0,4.0,0.0,idle,
2026-01-05 03:55:00,1.8018996678434678,11.421726365592772,54.00019020711749,69.05879972938196,0.0,0.0,0.0,27.917260013162483,0.0,10.669403504245846,0.0,0.0,0.0,idle,
2026-01-05 03:56:00,3.5178334630274177,11.419678866560464,52.52630347221001,70.45770026599321,0.0,0.0,6.757969342482195,28.206568805466762,0.0,14.381506581360135,0.0,2.0,0.0,idle,
2026-01-05 03:57:00,2.1526329217047127,10.847268084523545,50.56216498063328,64.08828583733931,0.0,0.0,5.209387046604243,29.05052825562262,0.0,6.794157924721958,0.0,1.0,0.0,idle,
2026-01-05 03:58:00,4.8149915062977175,12.920221712615378,48.93317225767031,74.17157632137081,0.0,0.0,6.714067713985679,30.90516431727056,0.0,20.804417761373127,0.0,1.0,0.0,idle,
2026-01-05 03:59:00,1.08648031751127,14.942654912606638,47.57603118425051,72.58392945413256,0.0,0.0,0.0,34.00497912410159,0.0,15.414339090589145,0.0,5.0,0.0,idle,
2026-01-05 04:00:00,0.7431127014091721,16.210706974823765,46.587891148647955,64.09250028238455,0.0,0.0,0.0,30.71942323157988,0.0,20.944743915218883,0.0,2.0,0.0,idle,
2026-01-05 04:01:00,0.0,11.125527194003963,45.25792672445322,61.8971699189769,0.0,0.0,3.20955408362576,33.17326955632087,0.0,21.034686696241323,0.0,1.0,0.0,idle,
2026-01-05 04:02:00,3.5229591559672047,12.246427924887412,44.75997090540144,81.73760963934565,0.0,0.0,5.217247572607388,35.10843001123735,0.0,11.611732340817888,0.0,1.0,0.0,idle,
2026-01-05 04:03:00,2.0742031131193635,11.753197905050836,43.497759330257345,64.96854782479906,0.0,0.0,6.937512141236919,35.54674694173093,0.0,22.374186979783087,0.0,2.0,0.0,idle,
2026-01-05 04:04:00,3.831585279277774,12.361192056790186,43.27696221429147,75.29144103769974,0.0,0.0,6.781560011217923,36.75304782912157,0.0,13.223048925657388,0.0,2.0,0.0,idle,
2026-01-05 04:05:00,3.877676915150971,13.943857122073558,42.40852929332662,73.90449422105901,0.0,0.0,7.085346216205839,31.61030492628558,0.0,16.083145318187146,0.0,2.0,0.0,idle,
2026-01-05 04:06:00,6.768455662844061,10.433918405802775,42.576719900209156,86.58079304934171,0.0,0.0,8.320002041437439,31.854564811507988,0.0,0.0,0.0,3.0,0.0,idle,
2026-01-05 04:07:00,5.565630972478392,11.423835652662767,41.98670650992816,82.59750450972504,0.0,0.0,8.152708426781937,34.4834212726076,0.0,0.0,0.0,2.0,0.0,idle,
2026-01-05 04:08:00,4.025483875696375,11.787709349570438,41.29359644631966,65.91345929563425,0.0,0.0,9.614522401277643,31.132872693372384,0.0,0.0,0.0,3.0,0.0,idle,
2026-01-05 04:09:00,3.029095220416102,12.693011464064751,40.656708333792565,71.59402153934225,0.0,0.0,10.872413973117045,31.4285817715152,0.0,0.0,0.0,2.0,0.0,idle,
2026-01-05 04:10:00,3.735945732085783,11.070865071708752,40.60273882184414,71.48685492089663,0.0,0.0,8.217409232629349,32.01236515308104,0.0,0.0,0.0,0.0,0.0,idle,
2026-01-05 04:11:00,3.6705200849269413,11.905225380578212,40.657189769256604,83.09415653279794,0.0,0.0,3.550653858478174,31.89968642699969,0.0,0.0,0.0,0.0,0.0,idle,
2026-01-05 04:12:00,2.019636786060693,12.363245080824505,40.38641786031849,74.44648772479994,0.0,0.0,1.831723039702223,30.31262319646498,0.0,0.0,0.0,1.0,0.0,idle,
2026-01-05 04:13:00,4.355297849700701,7.958293787503119,40.23930459415416,72.78407833754933,0.0,0.0,2.8198965328347563,31.151763281226724,0.0,0.0,0.0,0.0,0.0,idle,
2026-01-05 04:14:00,6.650891628576013,6.962756662835312,40.0811241521783,85.71168683695927,0.0,0.0,0.0,34.579956859856864,0.0,0.0,0.0,1.0,0.0,idle,
2026-01-05 04:15:00,3.538221763057893,8.154979899746639,40.37549497068991,77.13813246702115,0.0,0.0,2.919212885899384,31.563191930325388,0.0,10.211371380270005,0.0,1.0,0.0,idle,
2026-01-05 04:16:00,0.7423843583192837,10.682546627436967,39.42643199457454,55.555522636416654,0.0,0.0,0.0,35.651921596362676,0.0,15.689575845832987,0.0,2.0,0.0,idle,
2026-01-05 04:17:00,2.7139948124244038,11.144795469240961,39.28604343959062,72.78426019036642,0.0,0.0,0.0,30.995268953825068,0.0,4.125523535942675,0.0,1.0,0.0,idle,
2026-01-05 04:18:00,1.376364506689832,10.800168657068301,39.17187398194081,62.29138116066784,0.0,0.0,0.0,28.559310645965716,0.0,8.925891610091739,0.0,2.0,0.0,idle,
2026-01-05 04:19:00,2.035601599039068,12.445174075677043,39.14370579731982,67.2217806658641,0.0,0.0,0.0,30.853962454856383,0.0,8.411920759050046,0.0,3.0,0.0,idle,
2026-01-05 04:20:00,1.4791105057472254,13.353269450256752,39.21860290438838,63.735223185862544,0.0,0.0,0.0,30.733543986010517,0.0,16.698651123527515,0.0,2.0,0.0,idle,
2026-01-05 04:21:00,1.3124709254680105,13.039616533953076,38.89716005657355,64.45426636946212,0.0,0.0,0.0,30.94596838958667,0.0,19.4840342602987,0.0,1.0,0.0,idle,
2026-01-05 04:22:00,0.0,11.541880779153512,38.83671689916832,60.04932149697675,0.0,0.0,0.08927194053680498,29.394384069046115,0.6901162610195275,4.7148365145872715,0.0,1.0,0.0,idle,
2026-01-05 04:23:00,0.8577142056587528,11.763599497791505,39.14113480546007,64.0938822224468,0.0,0.0,7.51641164185072,32.68138115199621,23.178167578625978,10.965945217870292,0.0,5.0,0.0,idle,
2026-01-05 04:24:00,0.5764472811505787,13.365902491764555,39.52492366922803,73.37867617363064,0.0,0.0,0.24651844201222062,32.68964615851092,18.84171014384551,17.60813540803526,0.0,1.0,0.0,idle,
2026-01-05 04:25:00,1.2545046340334602,15.20550647412367,39.114357792277936,56.78314691395745,0.0,0.0,2.1469578182087723,33.60256599864811,0.0,4.741173750631138,0.0,4.0,0.0,idle,
2026-01-05 04:26:00,0.0,14.271942870467043,38.88229775052305,59.15800729104732,1.0,0.0,1.3458675924401073,36.30211459831157,0.0,5.144046296561857,0.0,0.0,0.0,idle,
2026-01-05 04:27:00,92.80382867692434,51.92487722673383,43.16203131715498,370.60866608813336,0.0,0.0,42.5394383981548,61.93756977945225,84.4385929771615,93.82285805319833,0.0,3.0,2.0,compute_bound,
2026-01-05 04:28:00,89.32660153909909,53.0623728873214,47.24856579332281,368.56501559331133,0.0,0.0,46.11115351511533,64.03489928457482,87.80449070971866,94.57461059761039,1.0,4.0,2.0,compute_bound,
2026-01-05 04:29:00,91.72804255886301,53.54061507072093,50.265199304122305,379.3799978424047,0.0,0.0,46.047903198815646,59.536449038770684,74.85558649932047,112.22643460199276,2.0,3.0,2.0,compute_bound,
2026-01-05 04:30:00,91.63070824832923,52.9949114939851,52.92113766584993,379.01572612281467,0.0,0.0,48.708974717625075,61.54862201037041,82.22275913276373,106.18801534872483,3.0,3.0,2.0,compute_bound,
2026-01-05 04:31:00,90.53268291733,50.50558991078141,55.73089420107943,376.74894145067157,0.0,0.0,50.87539301498723,61.73167991704944,90.74769856389526,95.86272269873,4.0,3.0,2.0,compute_bound,
2026-01-05 04:32:00,88.27820470416819,50.65011133850916,57.555621410030525,359.7748640612233,0.0,0.0,52.79659707067327,63.91853692929713,58.61527507059142,83.17825029800112,5.0,7.0,2.0,compute_bound,
2026-01-05 04:33:00,88.57833841957284,48.77299736699108,59.326892713465476,354.5690781939171,0.0,0.0,53.56163729799016,59.91051314599945,78.42919839005705,85.9496600749263,6.0,5.0,2.0,compute_bound,
2026-01-05 04:34:00,90.54868226844285,50.88875489573359,61.697041305649584,366.0895965114789,0.0,0.0,54.51014203896841,61.13299604149221,118.868734921851,92.3192102285754,7.0,3.0,2.0,compute_bound,
2026-01-05 04:35:00,93.26785329629406,54.67953878146602,63.44000462501601,366.20281373026535,0.0,0.0,50.3523589104679,57.453909340070126,107.72863583195804,95.41830534734741,8.0,4.0,2.0,compute_bound,
2026-01-05 04:36:00,90.32502609445191,53.91905445713384,64.32942371360369,357.9000640415962,0.0,0.0,46.000166086672444,60.45098847974858,106.67984029863217,95.42555899451958,9.0,3.0,2.0,compute_bound,
2026-01-05 04:37:00,89.38419172545369,56.259784932594066,65.3960605353278,374.73244347745333,0.0,0.0,44.44882331029396,58.67990384528347,130.7810440767811,95.07396770059655,10.0,6.0,2.0,compute_bound,
2026-01-05 04:38:00,89.1693717130137,58.11081939328705,66.74930045019016,364.0832553618398,0.0,0.0,43.18542349840919,55.903098612657885,137.53739255993793,88.73256009000426,11.0,6.0,2.0,compute_bound,
2026-01-05 04:39:00,91.90010066340658,55.651591304044196,67.77948266566509,368.8735531174978,0.0,0.0,38.81356713821217,56.76192592418934,132.0025618622765,79.32409501885914,12.0,2.0,2.0,compute_bound,
2026-01-05 04:40:00,91.92370730380564,57.66499804536372,69.30119044286894,381.24339351498253,0.0,0.0,35.163244391505046,59.51311482292941,147.74081486018292,78.62124918010609,13.0,6.0,2.0,compute_bound,
2026-01-05 04:41:00,96.2076756123905,55.52545379936251,70.03390871825576,376.28443495115914,0.0,0.0,36.08714652305756,60.64963706752473,107.03108316091243,77.67737997072317,14.0,4.0,2.0,compute_bound,
2026-01-05 04:42:00,100.0,54.37146376182649,71.66216373433635,401.9028910474801,0.0,0.0,37.347405010987146,56.085531630917075,110.52989985106211,71.95053816595698,15.0,5.0,2.0,compute_bound,
2026-01-05 04:43:00,97.43337552303177,56.04754398007322,72.47766634621121,388.09166064455667,0.0,0.0,35.52638026898334,54.53074045176365,126.5517440517109,47.382525765125784,16.0,5.0,2.0,compute_bound,
2026-01-05 04:44:00,99.97799336257484,56.71913386067901,73.52177688388427,405.1121902107016,0.0,0.0,37.273568751711274,56.08845623513868,121.38500369635258,39.30658143308658,17.0,6.0,2.0,compute_bound,
2026-01-05 04:45:00,98.00780449518706,52.987278356618745,74.19764575446487,384.8398888481583,0.0,0.0,37.93722726137156,55.85341946663452,121.0013160852745,49.269485519399815,18.0,4.0,2.0,compute_bound,
2026-01-05 04:46:00,98.02893590562343,53.161012575933434,74.52063899204114,398.2882037842027,0.0,0.0,35.88981893997759,58.247830636653774,110.4418067492725,63.45232173983473,19.0,5.0,2.0,compute_bound,
2026-01-05 04:47:00,96.7169684955958,51.28943195039949,74.9735994996521,387.7861151804523,0.0,0.0,37.183214766505486,58.442883123260145,96.13125374424007,66.62308175025818,20.0,2.0,2.0,compute_bound,
2026-01-05 04:48:00,97.96902426499875,51.06846988491604,75.16469872924134,385.9070600298868,0.0,0.0,36.03562984105564,57.13233552807005,97.04253962856465,67.2725176438214,21.0,5.0,2.0,compute_bound,
2026-01-05 04:49:00,99.3608125599546,48.410038052150256,76.42559146508245,403.387586894891,0.0,0.0,34.953944075121576,58.36932326811558,103.3597315776778,69.84269993751063,22.0,5.0,2.0,compute_bound,
2026-01-05 04:50:00,100.0,51.403194525855746,76.99372579447638,399.6663410454867,0.0,0.0,33.140249849293504,57.90506741095912,112.92961055314295,76.94114371691269,23.0,2.0,2.0,compute_bound,
2026-01-05 04:51:00,100.0,50.6442124834001,77.4978211510792,407.8923229880058,0.0,0.0,33.393377047845725,59.52164395083118,109.21755073830136,84.77109081421179,24.0,4.0,2.0,compute_bound,
2026-01-05 04:52:00,100.0,52.23355320860605,78.38263298203168,406.3448359650447,0.0,0.0,34.69709705661623,58.632611725624486,92.82209423114278,95.4290295327262,25.0,6.0,2.0,compute_bound,
2026-01-05 04:53:00,100.0,52.23792164595531,78.77432799290811,400.10529982595665,0.0,0.0,38.184228387111155,62.49269027562179,105.53866058973905,91.8793361043154,26.0,5.0,2.0,compute_bound,
2026-01-05 04:54:00,100.0,50.92166843789456,78.61577989278842,393.7793242361558,0.0,0.0,38.88204647502675,62.758413725300656,115.39418090236141,91.70884257726364,27.0,4.0,2.0,compute_bound,
2026-01-05 04:55:00,100.0,49.33809232298837,78.83848169570251,398.8210946974211,0.0,0.0,38.58476853546375,63.91240853059146,105.85125798777665,87.28969346254547,28.0,4.0,2.0,compute_bound,
2026-01-05 04:56:00,100.0,51.47406225803157,78.7728735142169,403.50024602318354,0.0,0.0,38.125505374376615,63.666263497570206,122.90877793827278,86.37018078216074,29.0,7.0,2.0,compute_bound,
2026-01-05 04:57:00,100.0,53.57011697437348,78.53676872164156,400.6849230592774,0.0,0.0,43.10623280277169,65.67189584345354,108.03135717208795,78.98565065606319,30.0,4.0,2.0,compute_bound,
2026-01-05 04:58:00,100.0,52.553932305493944,78.56342778135023,401.17272073104135,0.0,0.0,42.31983166787794,63.34895882670845,82.6335115950208,68.79982822947002,31.0,2.0,2.0,compute_bound,
2026-01-05 04:59:00,100.0,49.382296849619316,78.75894699494432,396.22247367699293,0.0,0.0,43.69980976978915,60.23833530175389,80.97041540803693,76.4871881200783,32.0,5.0,2.0,compute_bound,
2026-01-05 05:00:00,98.99459200433333,51.868652848753094,78.53414875809256,390.90266399288265,0.0,0.0,41.563845484570464,60.08451954926704,71.18402673250945,87.48177705695947,33.0,4.0,2.0,compute_bound,
2026-01-05 05:01:00,97.60455721707451,54.449511350926585,78.49755703756787,389.63302573871545,0.0,0.0,39.64086474195077,62.90506810373594,63.20728606884922,104.50496365018034,34.0,4.0,2.0,compute_bound,
2026-01-05 05:02:00,97.96324104492403,54.6489686537241,78.63102527610828,395.24850260600357,0.0,0.0,34.809078555495155,66.16098215464393,53.84658852305343,93.62018761928384,35.0,5.0,2.0,compute_bound,
2026-01-05 05:03:00,96.77786251426542,53.50328454795114,78.6707306783195,386.9295040522412,0.0,0.0,37.557157807245176,65.3176863726507,72.48635865690062,86.52068941313529,36.0,3.0,2.0,compute_bound,
2026-01-05 05:04:00,97.34644365452539,52.076338453503766,78.0373624782861,387.43483513752284,0.0,0.0,36.63977213498193,65.12370848577612,84.19382673938904,90.5923573161285,37.0,3.0,2.0,compute_bound,
2026-01-05 05:05:00,100.0,51.98759858517172,77.96012961868338,394.5233071450108,0.0,0.0,32.6194607442027,65.82715208891733,74.24828301751849,83.60875496938291,38.0,3.0,2.0,compute_bound,
2026-01-05 05:06:00,100.0,52.965436332686856,78.26833340277841,397.58808615080096,0.0,0.0,35.50465267984076,64.65137026816177,71.87144694522252,79.94836966942127,39.0,4.0,2.0,compute_bound,
2026-01-05 05:07:00,100.0,54.47462366667868,78.32610999514975,399.58905538757625,0.0,0.0,39.04661430223406,61.155277882835684,88.9149669974307,79.73870205234851,40.0,4.0,2.0,compute_bound,
2026-01-05 05:08:00,99.31489943618597,51.24277662651044,78.33807728779908,394.73081728095104,0.0,0.0,41.02436773788157,65.6972584557395,78.69913845069777,72.76893650318165,41.0,3.0,2.0,compute_bound,
2026-01-05 05:09:00,100.0,49.574539492735404,78.72649371899321,402.10149824645447,0.0,0.0,40.77464252716723,63.22305273724768,84.23442096621999,68.90613418324847,42.0,3.0,2.0,compute_bound,
2026-01-05 05:10:00,99.92235875229377,48.78007060483143,79.01887718326175,405.2181540840675,0.0,0.0,37.91801846293231,64.35759721232938,45.91956181730392,73.78095010046884,43.0,4.0,2.0,compute_bound,
2026-01-05 05:11:00,98.10497747412043,48.659945007813654,78.74481098788198,391.3883620444793,0.0,0.0,35.554514826447225,63.28549157402503,76.4031183194175,60.91193493433801,44.0,2.0,2.0,compute_bound,
2026-01-05 05:12:00,99.52954556260569,47.51294192424563,79.01288053520942,394.49058952638313,0.0,0.0,36.01622365897976,63.90305750717471,79.55558687368831,72.59256606022073,45.0,4.0,2.0,compute_bound,
2026-01-05 05:13:00,99.32382979604297,48.25530882849018,79.06699427916531,399.8783448828188,0.0,0.0,41.09899301332675,64.96705092667966,87.20783969564513,76.48329503836095,46.0,3.0,2.0,compute_bound,
2026-01-05 05:14:00,100.0,46.57417869309057,78.53616259785525,403.1022850556169,0.0,0.0,40.90274146079296,64.53071052674096,82.3441190357479,73.87001133047595,47.0,4.0,2.0,compute_bound,
2026-01-05 05:15:00,97.49833162945215,46.76668203520791,78.92359873671832,393.4425541983162,0.0,0.0,41.12120372174572,59.436180781509066,56.67300064533292,84.12250701112848,48.0,4.0,2.0,compute_bound,
2026-01-05 05:16:00,94.15850648239761,49.494214602780225,78.7007634428757,385.45990951899023,0.0,0.0,41.26444866556227,60.86690874357216,67.28450672576808,87.31847911722434,49.0,5.0,2.0,compute_bound,
2026-01-05 05:17:00,94.79577664561357,48.72820178152183,78.85348060971548,392.5545847697226,0.0,0.0,43.31557083492168,60.82134373139427,69.55747449416049,95.00995608876076,50.0,3.0,2.0,compute_bound,
2026-01-05 05:18:00,91.92433423664835,46.198680790078434,78.47868102305578,379.1945703126528,0.0,0.0,41.795657853841675,55.83999150014691,55.253911320596444,93.62167333182992,51.0,3.0,2.0,compute_bound,
2026-01-05 05:19:00,90.37590419645824,46.20762397135451,78.34014268856436,373.0645109624797,0.0,0.0,41.771012021287405,54.911668082420306,55.841686260671864,89.55584956315663,52.0,4.0,2.0,compute_bound,
2026-01-05 05:20:00,90.648665182789,46.46537249239494,78.23854143909756,368.5285683624415,0.0,0.0,45.20115294220705,57.25665090539929,82.76124355308382,86.86822820156914,53.0,5.0,2.0,compute_bound,
2026-01-05 05:21:00,93.76404030243613,48.94133552313483,78.02263080063885,385.2929738267813,0.0,0.0,44.08126742332172,58.22493944745338,119.09145309793334,94.08899819430773,54.0,6.0,2.0,compute_bound,
2026-01-05 05:22:00,96.21954567170329,49.57205778737453,77.45014800934725,382.17798401621127,0.0,0.0,44.94317890124307,54.62151425816921,132.5345283681701,109.45799565477529,55.0,3.0,2.0,compute_bound,
2026-01-05 05:23:00,94.75028357361437,51.872412586304485,77.57275459515586,385.8858507919522,0.0,0.0,43.52427973615438,55.41699661139539,108.6772985080542,88.22688896287882,56.0,3.0,2.0,compute_bound,
2026-01-05 05:24:00,93.19876663247567,55.24643101384058,77.73137862524466,386.1175128267177,0.0,0.0,41.70354154870917,54.554466582547306,111.23477647239656,80.47920371402401,57.0,5.0,2.0,compute_bound,
2026-01-05 05:25:00,93.5943153829108,54.354426176051504,77.84100202178446,386.0806873203736,0.0,0.0,41.87967439141195,53.01170761450642,107.58209814969965,74.1520447505895,58.0,3.0,2.0,compute_bound,
2026-01-05 05:26:00,91.2234815915312,56.215665023513104,77.34082277981767,370.4443970733331,0.0,0.0,39.78531645111759,59.00920973798132,88.82452492541105,74.99472619568724,59.0,2.0,2.0,compute_bound,
2026-01-05 05:27:00,94.13000036718839,53.85446460105708,77.09855573562818,376.9984670200503,0.0,0.0,46.85110273451034,61.31219562351635,95.45206130363677,85.21461912053951,60.0,3.0,2.0,compute_bound,
2026-01-05 05:28:00,89.31080849903918,55.92193204541521,77.34141263532199,361.90783837328087,0.0,0.0,42.39845801091301,60.33265293848223,103.31869158717043,94.90415322278588,61.0,6.0,2.0,compute_bound,
2026-01-05 05:29:00,89.29622617887516,60.37059970734428,77.35818353591044,368.1204367752488,0.0,0.0,42.20360949138229,60.523358805324165,86.58334195007707,79.11032154127618,62.0,4.0,2.0,compute_bound,
2026-01-05 05:30:00,88.70892129877937,59.48529440773548,77.6099005020102,368.49450920459566,0.0,0.0,38.895311173246704,59.35904618562946,68.08056016395865,77.18824260906266,63.0,6.0,2.0,compute_bound,
2026-01-05 05:31:00,90.81414752221905,54.439604253175645,77.522303113533,367.82464546091694,0.0,0.0,43.433865061079366,61.067664701983645,53.22497174649722,83.86320226125255,64.0,6.0,2.0,compute_bound,
2026-01-05 05:32:00,97.12734952612827,53.59652883544361,77.43466452297669,391.52482170027383,1.0,0.0,44.340097459774434,62.20633553848965,42.44508463346144,81.28755948931963,65.0,3.0,2.0,compute_bound,
2026-01-05 05:33:00,95.92094579654736,52.79890654569506,77.17004599769479,390.60501205107596,0.40612619817811774,0.0,39.8579099222776,59.32889348175982,55.5097599328096,88.47461359701924,66.0,2.0,2.0,compute_bound,ecc_burst
2026-01-05 05:34:00,92.99923737558126,45.78985826521356,76.72429782129801,369.93982688125146,1.1561186287730512,0.0,42.34066415585833,60.618119639116436,49.7475344284707,68.52521134114288,67.0,3.0,2.0,compute_bound,ecc_burst
2026-01-05 05:35:00,92.15592003678722,43.78563148487389,76.18956466904744,373.5370191366867,2.048569825884405,0.0,44.60994265228732,59.53589177047222,42.61919232999256,66.74679217129358,68.0,3.0,2.0,compute_bound,ecc_burst
2026-01-05 05:36:00,89.49148373911436,44.16388430275316,76.03881343159613,357.3232560834456,3.0436055540441243,0.0,41.98197447440372,58.44615706172719,45.29740051783012,52.4910573291363,69.0,4.0,2.0,compute_bound,ecc_burst
2026-01-05 05:37:00,93.14469396265909,42.58259603555474,75.8557101977985,370.6166896771588,5.121028898411297,0.0,42.70045337432314,61.46426282920513,93.24242058116548,48.540920020833184,70.0,6.0,2.0,compute_bound,ecc_burst
2026-01-05 05:38:00,93.0637761887834,45.00903207696459,75.33535906861175,365.46942567827995,5.268251097466002,0.0,46.596777122734814,60.13131625603753,110.1120079174706,56.8208755979588,71.0,3.0,2.0,compute_bound,ecc_burst
2026-01-05 05:39:00,93.6960539568408,44.811380458186456,75.28690634719014,370.4433080335439,6.476541782971006,0.0,43.192006258450775,60.31654564659157,114.4325853982889,62.71913725127887,72.0,5.0,2.0,compute_bound,ecc_burst
2026-01-05 05:40:00,88.43433957310057,44.79213851113949,75.30367719337886,358.19926473650986,7.739430528653047,0.0,48.64095178681549,62.66902076734812,104.746038097651,68.40821722574285,73.0,5.0,2.0,compute_bound,ecc_burst
2026-01-05 05:41:00,93.27410129108075,46.74525533450716,75.57426366757474,371.77055803797424,9.051897796576169,0.0,50.29821567086641,63.137836574349485,107.23321596836185,68.63127033320173,74.0,4.0,2.0,compute_bound,ecc_burst
2026-01-05 05:42:00,92.56387648453868,48.73337891373546,75.86745300316439,376.68926951088275,10.409917246198452,0.0,41.316858157137574,68.14982711696513,92.68201244530536,56.54616813523172,75.0,3.0,2.0,compute_bound,ecc_burst
2026-01-05 05:43:00,90.96994067306277,47.99081190180452,76.27915515585121,369.3595777166778,11.8101755712138,0.0,44.415397161220845,67.03271496614377,96.31140265199613,37.62006362406362,76.0,3.0,2.0,compute_bound,ecc_burst
2026-01-05 05:44:00,86.33478714176465,49.1147965851565,76.03795433899316,358.950421236349,13.24989055888379,0.0,44.568885162596104,64.28957369157924,83.89098978422327,47.21537183183028,77.0,4.0,2.0,compute_bound,ecc_burst
2026-01-05 05:45:00,84.5456625157289,53.235670195373714,75.2194279240189,334.15851647406123,14.726687358125623,0.0,38.19952549024914,63.99555037909633,65.53736404832911,45.70658799627918,78.0,3.0,2.0,compute_bound,ecc_burst
2026-01-05 05:46:00,87.95437549775068,53.32285440314861,74.96860744424872,359.2264880568459,16.23851115668797,0.0,41.39253109790789,64.17637919003067,109.49492252871104,61.161772677492124,79.0,3.0,2.0,compute_bound,ecc_burst
2026-01-05 05:47:00,88.28645133461346,56.156911034162114,75.17021495755807,356.858977940203,17.78356364771254,0.0,41.076860845326784,62.44371658061911,83.03628554504081,79.06133302384353,80.0,6.0,2.0,compute_bound,ecc_burst
2026-01-05 05:48:00,85.10975294658222,51.50368400231641,75.01538299066841,355.53869726192323,19.360255610827945,0.0,39.97957750171814,65.88911977008918,105.19130115404027,72.91701676905865,81.0,3.0,2.0,compute_bound,ecc_burst
2026-01-05 05:49:00,88.54311557406221,48.82074788299026,74.942604074682,359.6467274304174,20.96717074510008,0.0,50.361189386235445,63.914477725754125,101.40653139657893,81.10329104410239,82.0,4.0,2.0,compute_bound,ecc_burst
2026-01-05 05:50:00,85.33485584058644,45.78358595693278,74.89268168152512,349.23641527715216,22.603037564511663,0.0,47.276165971465886,63.11619613726689,64.21846590699934,79.57777769343711,83.0,3.0,2.0,compute_bound,ecc_burst
2026-01-05 05:51:00,85.79572946893455,44.05793169425614,74.99570132835048,349.53084865166045,24.266707201277406,0.0,53.39563868650383,63.44139719168881,65.7884860865065,87.72642149216762,84.0,6.0,2.0,compute_bound,ecc_burst
2026-01-05 05:52:00,84.71682550439196,44.80931160073735,74.40535810948853,346.65966754345595,25.957135623449304,0.0,48.451861348347414,63.40779838069601,68.70075427962772,77.69555898938762,85.0,5.0,2.0,compute_bound,ecc_burst
2026-01-05 05:53:00,84.0303752978444,45.07086478143429,74.03523125590698,333.9728133801198,27.673369208024805,0.0,51.229319883666165,58.190036782983704,66.35178886541294,81.4044334212543,86.0,4.0,2.0,compute_bound,ecc_burst
2026-01-05 05:54:00,82.70473177494222,43.82101645126751,74.1703501541651,339.18294312815135,29.414532903936095,0.0,51.005254348815996,57.86974727479196,73.35701131451523,93.12238753455576,87.0,5.0,2.0,compute_bound,ecc_burst
2026-01-05 05:55:00,83.90184307644961,43.60792889091513,74.2248686253949,350.32207887539283,31.17982042143211,0.0,45.20455430519591,57.48370997433687,79.65839729735839,81.24817445498707,88.0,3.0,2.0,compute_bound,ecc_burst
2026-01-05 05:56:00,81.32084130270344,45.945725775908144,74.02779185709132,341.6316272151977,32.9684860265247,0.0,39.330472314419346,60.817327495119905,77.93654578373202,108.30500579375483,89.0,6.0,2.0,compute_bound,ecc_burst
2026-01-05 05:57:00,82.28603845301313,44.93085180556621,74.00292090098536,337.32694157060916,34.77983762094605,0.0,37.90073155152977,62.0167086741659,99.71731178398419,106.1667610099878,90.0,2.0,2.0,compute_bound,ecc_burst
2026-01-05 05:58:00,79.23849716759838,47.50711240612969,73.5785816661145,336.1314142335299,36.61323086210855,0.0,36.02146715228538,66.4705431218937,62.47083272569064,109.46490623983756,91.0,3.0,2.0,compute_bound,ecc_burst
2026-01-05 05:59:00,83.08874902404801,50.84751882106649,73.73508416590487,348.0129243832063,38.46806413221754,0.0,36.56185063410695,62.20879793056549,84.3119635830296,106.8313276562786,92.0,5.0,2.0,compute_bound,ecc_burst
2026-01-05 06:00:00,82.87668078596933,50.43165275129059,73.66808624585116,338.46582734162206,40.343774206576434,0.0,36.18026773997188,61.597492792830785,71.4266791786549,94.55015250194802,93.0,3.0,2.0,compute_bound,ecc_burst
2026-01-05 06:01:00,89.71057988907523,50.3140074936823,74.30163126155836,363.4708751400016,42.23983250208625,0.0,35.14508993539641,63.373866512506986,74.98641007021126,76.5212343280694,94.0,5.0,2.0,compute_bound,ecc_burst
2026-01-05 06:02:00,90.8502893621244,45.71266867478762,74.56008446909249,369.9506047913432,44.15574181065046,0.0,36.13465662455293,61.609816353502126,40.168099897658436,80.55059678343193,95.0,5.0,2.0,compute_bound,ecc_burst
2026-01-05 06:03:00,92.39060227148526,47.12157877989434,75.09160560509375,371.6085605817021,46.091033440538965,0.0,34.24204834102234,59.40548322501722,48.942811299458285,85.18490120711114,96.0,5.0,2.0,compute_bound,ecc_burst
2026-01-05 06:04:00,92.49969908594365,48.12914433708221,75.11062103518316,376.9429355517503,48.04526470309222,0.0,33.9445018030584,59.27743151791657,26.666661157738176,93.24382951804131,97.0,7.0,2.0,compute_bound,ecc_burst
2026-01-05 06:05:00,99.45743664090254,47.75195712374273,75.85665562988075,399.5675739052753,50.01801669343682,0.0,36.87755736281009,59.14220531388662,6.804829744115196,81.23273537241842,98.0,3.0,2.0,compute_bound,ecc_burst
2026-01-05 06:06:00,97.66289796433254,48.32107341743349,76.09378810282833,394.2907171289389,52.00889232285375,0.0,34.49166191187949,61.32409725214938,38.39053541173233,77.88125755498605,99.0,5.0,2.0,compute_bound,ecc_burst
2026-01-05 06:07:00,92.3868314997873,48.765474819294205,76.21404048612553,381.7789060803825,54.017514567623365,0.0,37.57873505753009,64.9597701840641,41.84326756543876,86.24099285535577,100.0,5.0,2.0,compute_bound,ecc_burst
2026-01-05 06:08:00,92.5096131093876,50.525661980974384,76.36145348539753,380.1690793827278,56.043524904962375,0.0,41.2287814255027,62.03128646961788,34.707550483777375,73.34926450767037,101.0,6.0,2.0,compute_bound,ecc_burst
2026-01-05 06:09:00,88.65815636653014,53.278760832785295,76.34854389578521,358.3601455233325,58.086581911370466,0.0,34.076060120578404,64.93488775230999,35.817404296776985,74.38550643582832,102.0,3.0,2.0,compute_bound,ecc_burst
2026-01-05 06:10:00,86.67163757616423,52.33651500832464,76.06793155501828,354.33797123174395,60.146360002546515,0.0,36.9388816080169,63.19300848661875,46.02505533407399,77.99000339675341,103.0,4.0,2.0,compute_bound,ecc_burst
2026-01-05 06:11:00,84.4600208454231,49.915659640992,75.79101916049035,349.5620378176004,62.222548297190784,0.0,38.460894498899926,62.947813350659466,34.628414004618136,78.5124313686048,104.0,2.0,2.0,compute_bound,ecc_burst
2026-01-05 06:12:00,85.63840268255517,48.293108192980206,75.5313945157625,353.17187798784084,64.31484958962034,0.0,39.59321401051041,61.703549374526105,28.635585153293874,100.03035968042332,105.0,2.0,2.0,compute_bound,ecc_burst
2026-01-05 06:13:00,86.89063432250165,49.39279605551239,75.58621454470806,359.5715024260884,66.42297941829221,0.0,38.099218998832875,58.86767762770794,41.37395220264398,104.71549885187092,106.0,6.0,2.0,compute_bound,ecc_burst
2026-01-05 06:14:00,88.33539184699526,48.63879450592518,75.28188684438214,366.29525454895105,68.5466652191403,0.0,36.18286708589299,56.61636164595696,35.50232554515619,98.5419982894152,107.0,2.0,2.0,compute_bound,ecc_burst
2026-01-05 06:15:00,87.01331132851834,49.87918721139086,75.26867638108239,360.66875546793,70.68564555415063,0.0,36.306811383446906,57.80039682501492,41.15344178071717,85.95660744534004,108.0,3.0,2.0,compute_bound,ecc_burst
2026-01-05 06:16:00,86.60734731644463,50.68878451787292,74.54205686948488,345.8488370359781,72.83966940688046,0.0,36.25933452151934,55.00212328923553,41.31969505315912,82.316948088802,109.0,4.0,2.0,compute_bound,ecc_burst
2026-01-05 06:17:00,83.9780136294556,52.29320957298798,74.63162123328318,350.79022230857913,75.00849553770999,0.0,32.75312783556566,56.1399399511619,36.93660367753039,82.0915512155854,110.0,3.0,2.0,compute_bound,ecc_burst
2026-01-05 06:18:00,74.27815742871326,47.4075542242902,73.95896772407394,314.5951905642295,77.19189189253659,0.0,30.969762598283992,57.928956379955686,55.96040736113595,96.77761029083904,111.0,6.0,2.0,compute_bound,ecc_burst
2026-01-05 06:19:00,73.19630308258297,49.021332071632,72.773850555038,308.8514363603829,79.38963505940774,0.0,33.38178169946977,56.92430643498367,49.30236605457962,101.43803032390008,112.0,2.0,2.0,compute_bound,ecc_burst
2026-01-05 06:20:00,76.40413829774405,46.381019677890116,72.46495148474907,324.64838936264226,81.6015097682605,0.0,34.56282327974011,56.88265926018062,55.759978649404395,98.31132797035352,113.0,3.0,2.0,compute_bound,ecc_burst
2026-01-05 06:21:00,79.45513208592176,47.41080012887196,72.23035887762173,327.6301655574782,83.82730842951506,0.0,37.43653769213094,56.763601158251674,61.9224450792381,100.727845693439,114.0,4.0,2.0,compute_bound,ecc_burst
2026-01-05 06:22:00,78.77140791413552,45.75962637844305,71.66955095455619,330.5468333732736,86.06683070776697,0.0,38.08852431399932,58.14501456081847,56.071842725238,107.6143033721405,115.0,4.0,2.0,compute_bound,ecc_burst
2026-01-05 06:23:00,82.27667716737605,47.41299024202576,72.23414648982617,345.84860933109337,88.31988312725501,0.0,42.49555839243465,58.893845737403055,54.901435714326006,100.03551715423,116.0,5.0,2.0,compute_bound,ecc_burst
2026-01-05 06:24:00,80.80898183308098,46.027597919899534,72.35871710126968,333.7913536242934,90.58627870615518,13.0,43.82855501723924,59.60456154903737,63.6254525046303,99.18874101111814,117.0,4.0,2.0,compute_bound,ecc_burst
2026-01-05 06:25:00,85.43094618314319,45.148004947900205,72.47625342162152,353.195857280844,92.86583661707688,79.0,44.25722160140902,61.055105025876244,86.02085355218912,113.62752631937279,118.0,3.0,2.0,compute_bound,ecc_burst
2026-01-05 06:26:00,85.34508862315661,47.25459949568822,72.42957689555665,352.7299237614784,95.1583818714219,43.0,33.51929313669723,58.26279487297752,76.49420499094487,121.52167661680771,119.0,6.0,2.0,compute_bound,ecc_burst
2026-01-05 06:27:00,88.25652722256774,46.17100822863118,72.21213505377867,357.9190215820385,97.46374502551537,31.0,40.8968652906753,60.70586329275397,54.12585457491965,119.31437746663052,120.0,2.0,2.0,compute_bound,ecc_burst
2026-01-05 06:28:00,89.32163151133044,46.63565843202938,72.96845900693367,372.88815848536854,99.78176190663525,13.0,38.446958089446554,57.234269384144966,44.328019212112316,116.22202670651693,121.0,4.0,2.0,compute_bound,ecc_burst
2026-01-05 06:29:00,88.97916332557904,48.19724726266935,73.26302600333385,360.36001329244135,102.11227335726018,79.0,35.08141273368858,58.702520355420965,54.449256735807374,123.55863275740668,122.0,4.0,2.0,compute_bound,ecc_burst
2026-01-05 06:30:00,88.31253609366951,52.505266084347376,73.9241257936744,363.7344332371006,104.4551249960233,43.0,37.22672822548513,55.1823567888497,70.23480485408491,116.08137852014625,123.0,4.0,2.0,compute_bound,ecc_burst
2026-01-05 06:31:00,87.25254284632415,52.52628943182832,74.04893424378129,355.6521535737004,106.81016699401025,74.0,43.160662119633024,58.1446817099472,104.99511236955432,103.09428298778312,124.0,3.0,2.0,compute_bound,ecc_burst
2026-01-05 06:32:00,86.70726975812977,51.229815032932095,74.17507166719035,353.15178022210995,109.17725386517125,48.0,47.84535911353902,57.97534973910264,93.82642457998395,93.40398377823773,125.0,2.0,2.0,compute_bound,ecc_burst
2026-01-05 06:33:00,88.67070424113489,51.6949852454868,74.08831809382367,365.34763429059285,111.55624426973496,43.0,52.24885024913374,60.11189739240469,96.53845504317883,84.09545641898971,126.0,5.0,2.0,compute_bound,ecc_burst
2026-01-05 06:34:00,88.59477928846344,49.88531587989985,74.17768636095808,349.25521265669255,113.94700082961657,79.0,52.68632202179151,60.50667549805012,87.93381450744023,72.37562755026217,127.0,3.0,2.0,compute_bound,ecc_burst
2026-01-05 06:35:00,88.06749819159273,45.289650742654636,74.65583226926105,363.18692394815497,116.34938995490545,63.0,54.385018626178855,59.64905951428137,71.79999521019204,72.14894720362332,128.0,6.0,2.0,compute_bound,ecc_burst
2026-01-05 06:36:00,90.83304575845786,45.74188978924076,74.89859142910626,372.2049735318661,118.7632816806012,63.0,53.22295203455641,59.998009672122265,82.49475831595501,84.65239346213184,129.0,3.0,2.0,compute_bound,ecc_burst
2026-01-05 06:37:00,87.9108544996645,45.685561392992696,75.39179279113964,363.0197458381569,121.18854951284094,31.0,50.36254121105492,59.95405308097325,82.12756375852162,85.7731330224397,130.0,2.0,2.0,compute_bound,ecc_burst
2026-01-05 06:38:00,85.35614942224659,44.07802941510748,75.11898209453591,356.78826320583414,123.62507028392808,43.0,43.220157494095616,57.628278630423026,99.51313416710474,83.06484625796134,131.0,6.0,2.0,compute_bound,ecc_burst
2026-01-05 06:39:00,85.32329957909495,46.172786096025604,74.72022404111226,350.86121260726514,126.0727240155322,31.0,44.20607061575596,55.889713038776655,95.09456432978746,96.4134271354844,132.0,4.0,2.0,compute_bound,ecc_burst
2026-01-05 06:40:00,84.59643710041756,46.59974446484306,74.80971360996901,353.7399204537869,128.53139378948376,74.0,43.97501927269524,55.43575350529337,104.51501846694961,84.46750824492953,133.0,2.0,2.0,compute_bound,ecc_burst
2026-01-05 06:41:00,84.44720402672813,49.058527483776075,75.09621199421895,348.6292834000779,131.00096562563607,48.0,45.13434256123975,56.85941134360979,103.94864051417895,56.651284955709436,134.0,4.0,2.0,compute_bound,ecc_burst
2026-01-05 06:42:00,87.85653415322719,51.30141383890936,75.5569468615519,357.5009763044761,133.48132836631032,79.0,45.734843446696026,63.38632192731746,96.71172747763768,74.66521089494785,135.0,2.0,2.0,compute_bound,ecc_burst
2026-01-05 06:43:00,84.6090007258203,50.87318333750394,75.38355169491285,340.668009075684,135.97237356687975,79.0,45.46804560503408,67.29906618913716,114.86447790586067,67.60982615215356,136.0,3.0,2.0,compute_bound,ecc_burst
2026-01-05 06:44:00,81.85322813773975,51.278247828942156,76.04177769288803,347.47897559517025,138.4739953920843,63.0,43.83855364309426,69.34939516877287,135.8269956718896,75.3715478120945,137.0,3.0,2.0,compute_bound,ecc_burst
2026-01-05 06:45:00,86.43297893173929,49.21082740572133,75.99034715115569,348.49884733879105,140.98609051769998,13.0,41.66242813997952,65.43613604329434,139.9119542470405,84.10485057128724,138.0,3.0,2.0,compute_bound,ecc_burst
